[{"model": "admin.logentry", "pk": 1, "fields": {"action_time": "2022-09-27T12:19:21.125Z", "user": 1, "content_type": 7, "object_id": "1", "object_repr": "Kem dưỡng ẩm", "action_flag": 1, "change_message": "[{\"added\": {}}]"}}, {"model": "admin.logentry", "pk": 2, "fields": {"action_time": "2022-09-27T12:21:11.992Z", "user": 1, "content_type": 8, "object_id": "1", "object_repr": "LaPoche Rosay", "action_flag": 1, "change_message": "[{\"added\": {}}]"}}, {"model": "admin.logentry", "pk": 3, "fields": {"action_time": "2022-09-28T08:10:43.901Z", "user": 1, "content_type": 8, "object_id": "2", "object_repr": "Kem B5", "action_flag": 1, "change_message": "[{\"added\": {}}]"}}, {"model": "admin.logentry", "pk": 4, "fields": {"action_time": "2022-09-28T08:11:23.991Z", "user": 1, "content_type": 8, "object_id": "3", "object_repr": "Kem B1", "action_flag": 1, "change_message": "[{\"added\": {}}]"}}, {"model": "admin.logentry", "pk": 5, "fields": {"action_time": "2022-09-28T08:11:53.239Z", "user": 1, "content_type": 8, "object_id": "4", "object_repr": "Kem b4", "action_flag": 1, "change_message": "[{\"added\": {}}]"}}, {"model": "admin.logentry", "pk": 6, "fields": {"action_time": "2022-09-28T08:12:47.101Z", "user": 1, "content_type": 8, "object_id": "5", "object_repr": "Kem B6", "action_flag": 1, "change_message": "[{\"added\": {}}]"}}, {"model": "admin.logentry", "pk": 7, "fields": {"action_time": "2022-09-28T08:13:34.152Z", "user": 1, "content_type": 8, "object_id": "6", "object_repr": "Kem B2", "action_flag": 1, "change_message": "[{\"added\": {}}]"}}, {"model": "admin.logentry", "pk": 8, "fields": {"action_time": "2022-09-29T07:25:50.244Z", "user": 1, "content_type": 7, "object_id": "2", "object_repr": "Sữa rửa mặt", "action_flag": 1, "change_message": "[{\"added\": {}}]"}}, {"model": "admin.logentry", "pk": 9, "fields": {"action_time": "2022-09-29T07:27:40.102Z", "user": 1, "content_type": 8, "object_id": "7", "object_repr": "SRM Senka Nhật Bản", "action_flag": 1, "change_message": "[{\"added\": {}}]"}}, {"model": "admin.logentry", "pk": 10, "fields": {"action_time": "2022-09-29T09:14:37.738Z", "user": 1, "content_type": 8, "object_id": "4", "object_repr": "Kem b4", "action_flag": 2, "change_message": "[{\"changed\": {\"fields\": [\"Is active\"]}}]"}}, {"model": "admin.logentry", "pk": 11, "fields": {"action_time": "2022-10-19T08:37:05.074Z", "user": 1, "content_type": 6, "object_id": "11", "object_repr": "thientri6", "action_flag": 2, "change_message": "[{\"changed\": {\"fields\": [\"First name\", \"Last name\", \"Avatar\"]}}]"}}, {"model": "admin.logentry", "pk": 12, "fields": {"action_time": "2022-10-22T10:47:42.794Z", "user": 1, "content_type": 8, "object_id": "3", "object_repr": "Kem B1", "action_flag": 2, "change_message": "[{\"changed\": {\"fields\": [\"Old price\"]}}]"}}, {"model": "admin.logentry", "pk": 13, "fields": {"action_time": "2022-10-22T11:04:51.083Z", "user": 1, "content_type": 8, "object_id": "1", "object_repr": "LaPoche Rosay", "action_flag": 2, "change_message": "[{\"changed\": {\"fields\": [\"Price\", \"Old price\"]}}]"}}, {"model": "admin.logentry", "pk": 14, "fields": {"action_time": "2022-10-22T17:06:05.728Z", "user": 1, "content_type": 8, "object_id": "7", "object_repr": "Sữa Rửa Mặt Senka Dành Cho Da Mụn 100g Perfect Whip Acne Care", "action_flag": 2, "change_message": "[{\"changed\": {\"fields\": [\"Title\"]}}]"}}, {"model": "admin.logentry", "pk": 15, "fields": {"action_time": "2022-10-22T17:08:48.199Z", "user": 1, "content_type": 8, "object_id": "7", "object_repr": "Sữa Rửa Mặt Senka Dành Cho Da Mụn 100g Perfect Whip Acne Care", "action_flag": 2, "change_message": "[{\"changed\": {\"fields\": [\"Description\"]}}]"}}, {"model": "admin.logentry", "pk": 16, "fields": {"action_time": "2022-10-22T17:12:16.049Z", "user": 1, "content_type": 8, "object_id": "7", "object_repr": "Sữa Rửa Mặt Senka Dành Cho Da Mụn 100g Perfect Whip Acne Care", "action_flag": 2, "change_message": "[{\"changed\": {\"fields\": [\"Image\"]}}]"}}, {"model": "admin.logentry", "pk": 17, "fields": {"action_time": "2022-10-22T17:21:33.340Z", "user": 1, "content_type": 8, "object_id": "7", "object_repr": "Sữa Rửa Mặt Senka Dành Cho Da Mụn 100g Perfect Whip Acne Care", "action_flag": 2, "change_message": "[{\"changed\": {\"fields\": [\"Price\", \"Old price\"]}}]"}}, {"model": "admin.logentry", "pk": 18, "fields": {"action_time": "2022-10-22T17:32:07.126Z", "user": 1, "content_type": 8, "object_id": "6", "object_repr": "Gel Rửa Mặt Cosrx Tràm Trà, 0.5% BHA Có Độ pH Thấp 150ml Low pH Good Morning Gel Cleanser", "action_flag": 2, "change_message": "[{\"changed\": {\"fields\": [\"Category\", \"Title\", \"Slug\", \"Image\", \"Description\", \"Price\", \"Old price\"]}}]"}}, {"model": "admin.logentry", "pk": 19, "fields": {"action_time": "2022-10-22T17:34:11.304Z", "user": 1, "content_type": 8, "object_id": "7", "object_repr": "Sữa Rửa Mặt Senka Dành Cho Da Mụn 100g Perfect Whip Acne Super Care", "action_flag": 2, "change_message": "[{\"changed\": {\"fields\": [\"Title\"]}}]"}}, {"model": "admin.logentry", "pk": 20, "fields": {"action_time": "2022-10-22T17:37:11.731Z", "user": 1, "content_type": 8, "object_id": "5", "object_repr": "Kem Dưỡng Ẩm Eucerin Dịu Nhẹ Cho Da Khô Ráp 50ml Lipo Balance", "action_flag": 2, "change_message": "[{\"changed\": {\"fields\": [\"Title\", \"Slug\", \"Image\", \"Description\", \"Price\", \"Old price\"]}}]"}}, {"model": "admin.logentry", "pk": 21, "fields": {"action_time": "2022-10-22T17:39:13.537Z", "user": 1, "content_type": 7, "object_id": "3", "object_repr": "Kem chống nắng", "action_flag": 1, "change_message": "[{\"added\": {}}]"}}, {"model": "admin.logentry", "pk": 22, "fields": {"action_time": "2022-10-22T17:39:31.277Z", "user": 1, "content_type": 7, "object_id": "4", "object_repr": "Serum dưỡng ẩm", "action_flag": 1, "change_message": "[{\"added\": {}}]"}}, {"model": "admin.logentry", "pk": 23, "fields": {"action_time": "2022-10-22T17:39:47.138Z", "user": 1, "content_type": 7, "object_id": "5", "object_repr": "Nước hoa hồng", "action_flag": 1, "change_message": "[{\"added\": {}}]"}}, {"model": "admin.logentry", "pk": 24, "fields": {"action_time": "2022-10-22T17:40:46.974Z", "user": 1, "content_type": 8, "object_id": "5", "object_repr": "Kem Dưỡng Ẩm Eucerin Dịu Nhẹ Cho Da Khô Ráp 50ml Lipo Quite Balance", "action_flag": 2, "change_message": "[{\"changed\": {\"fields\": [\"Title\"]}}]"}}, {"model": "admin.logentry", "pk": 25, "fields": {"action_time": "2022-10-22T17:43:17.774Z", "user": 1, "content_type": 8, "object_id": "4", "object_repr": "Sữa Chống Nắng Bioré Sáng Mịn Kiềm Dầu SPF 50+/PA++++ 30ml UV Face Milk", "action_flag": 2, "change_message": "[{\"changed\": {\"fields\": [\"Category\", \"Title\", \"Slug\", \"Image\", \"Description\", \"Price\", \"Old price\"]}}]"}}, {"model": "admin.logentry", "pk": 26, "fields": {"action_time": "2022-10-22T17:43:22.985Z", "user": 1, "content_type": 8, "object_id": "4", "object_repr": "Sữa Chống Nắng Bioré Sáng Mịn Kiềm Dầu SPF 50+/PA++++ 30ml UV Face Milk", "action_flag": 2, "change_message": "[{\"changed\": {\"fields\": [\"Is active\"]}}]"}}, {"model": "admin.logentry", "pk": 27, "fields": {"action_time": "2022-10-22T17:44:32.361Z", "user": 1, "content_type": 8, "object_id": "3", "object_repr": "Essence Chống Nắng Bioré Màng Nước Dưỡng Ẩm Da 50g UV Aqua Rich Watery Essence SPF50+/PA++++", "action_flag": 2, "change_message": "[{\"changed\": {\"fields\": [\"Title\", \"Slug\", \"Description\", \"Price\", \"Old price\"]}}]"}}, {"model": "admin.logentry", "pk": 28, "fields": {"action_time": "2022-10-22T17:45:23.811Z", "user": 1, "content_type": 8, "object_id": "3", "object_repr": "Essence Chống Nắng Bioré Màng Nước Dưỡng Ẩm Da 50g UV Aqua Essence SPF50+/PA++++", "action_flag": 2, "change_message": "[{\"changed\": {\"fields\": [\"Title\", \"Image\"]}}]"}}, {"model": "admin.logentry", "pk": 29, "fields": {"action_time": "2022-10-22T17:49:38.954Z", "user": 1, "content_type": 8, "object_id": "2", "object_repr": "Tinh Chất Balance Active Formula Cấp Ẩm, Mờ Nếp Nhăn 30ml Hyaluronic + Ceramides Double Booster Serum", "action_flag": 2, "change_message": "[{\"changed\": {\"fields\": [\"Category\", \"Title\", \"Slug\", \"Image\", \"Description\", \"Price\", \"Old price\"]}}]"}}, {"model": "admin.logentry", "pk": 30, "fields": {"action_time": "2022-10-22T17:51:47.068Z", "user": 1, "content_type": 8, "object_id": "1", "object_repr": "Gel Rửa Mặt La Roche-Posay Dành Cho Da Dầu, Nhạy Cảm 400ml Effaclar Purifying Foaming Gel For Oily Sensitive Skin", "action_flag": 2, "change_message": "[{\"changed\": {\"fields\": [\"Title\", \"Slug\", \"Image\", \"Description\", \"Price\", \"Old price\"]}}]"}}, {"model": "admin.logentry", "pk": 31, "fields": {"action_time": "2022-10-22T17:52:28.961Z", "user": 1, "content_type": 8, "object_id": "1", "object_repr": "Gel Rửa Mặt La Roche-Posay Dành Cho Da Dầu, Nhạy Cảm 400ml Effaclar Purifying Foaming Gel", "action_flag": 2, "change_message": "[{\"changed\": {\"fields\": [\"Title\"]}}]"}}, {"model": "admin.logentry", "pk": 32, "fields": {"action_time": "2022-10-22T17:52:55.291Z", "user": 1, "content_type": 8, "object_id": "2", "object_repr": "Tinh Chất Balance Active Formula Cấp Ẩm, Mờ Nếp Nhăn 30ml Hyaluronic + Ceramide Booster Serum", "action_flag": 2, "change_message": "[{\"changed\": {\"fields\": [\"Title\"]}}]"}}, {"model": "admin.logentry", "pk": 33, "fields": {"action_time": "2022-10-22T17:53:09.615Z", "user": 1, "content_type": 8, "object_id": "2", "object_repr": "Tinh Chất Balance Active Formula Cấp Ẩm, Mờ Nếp Nhăn 30ml Hyaluronic + Ceramide Serum", "action_flag": 2, "change_message": "[{\"changed\": {\"fields\": [\"Title\"]}}]"}}, {"model": "admin.logentry", "pk": 34, "fields": {"action_time": "2022-10-22T17:56:53.181Z", "user": 1, "content_type": 8, "object_id": "8", "object_repr": "Kem Chống Nắng La Roche-Posay Không Màu Kiểm Soát Dầu 15ml Anthelios Anti-Shine Dry Touch Gel Cream SPF 50+", "action_flag": 1, "change_message": "[{\"added\": {}}]"}}, {"model": "admin.logentry", "pk": 35, "fields": {"action_time": "2022-10-22T17:57:26.618Z", "user": 1, "content_type": 8, "object_id": "8", "object_repr": "Kem Chống Nắng La Roche-Posay Không Màu Kiểm Soát Dầu 15ml Anthelios Anti-Shine Cream SPF 50+", "action_flag": 2, "change_message": "[{\"changed\": {\"fields\": [\"Title\"]}}]"}}, {"model": "admin.logentry", "pk": 36, "fields": {"action_time": "2022-10-22T17:57:45.278Z", "user": 1, "content_type": 8, "object_id": "8", "object_repr": "Kem Chống Nắng La Roche-Posay Không Màu Kiểm Soát Dầu 15ml Anthelios Anti-Shine Dry Touch Gel", "action_flag": 2, "change_message": "[{\"changed\": {\"fields\": [\"Title\"]}}]"}}, {"model": "admin.logentry", "pk": 37, "fields": {"action_time": "2022-10-22T18:00:00.249Z", "user": 1, "content_type": 8, "object_id": "9", "object_repr": "Nước Hoa Hồng Klairs Không Mùi Cho Da Nhạy Cảm 180ml Supple Preparation Unscented Toner", "action_flag": 1, "change_message": "[{\"added\": {}}]"}}, {"model": "admin.logentry", "pk": 38, "fields": {"action_time": "2022-10-22T18:02:22.343Z", "user": 1, "content_type": 8, "object_id": "9", "object_repr": "Nước Hoa Hồng Some By Mi AHA-BHA-PHA Cho Da Mụn 150ml Miracle Toner AHA-BHA-PHA 30 Days", "action_flag": 2, "change_message": "[{\"changed\": {\"fields\": [\"Title\", \"Slug\", \"Image\", \"Description\"]}}]"}}, {"model": "admin.logentry", "pk": 39, "fields": {"action_time": "2022-10-22T18:02:36.676Z", "user": 1, "content_type": 8, "object_id": "9", "object_repr": "Nước Hoa Hồng Some By Mi AHA-BHA-PHA Cho Da Mụn 150ml Miracle Toner AHA-BHA-PHA", "action_flag": 2, "change_message": "[{\"changed\": {\"fields\": [\"Title\"]}}]"}}, {"model": "admin.logentry", "pk": 40, "fields": {"action_time": "2022-10-22T18:05:09.025Z", "user": 1, "content_type": 8, "object_id": "10", "object_repr": "Nước Hoa Hồng So'Natural Cấp Ẩm Cho Mọi Làn Da 250ml Red Peel PH 5.5 Red Water Tonic", "action_flag": 1, "change_message": "[{\"added\": {}}]"}}, {"model": "admin.logentry", "pk": 41, "fields": {"action_time": "2022-10-22T18:28:39.723Z", "user": 1, "content_type": 8, "object_id": "2", "object_repr": "Tinh Chất Balance Active Formula Cấp Ẩm, Mờ Nếp Nhăn 30ml Hyaluronic + Ceramide Serum", "action_flag": 2, "change_message": "[]"}}, {"model": "admin.logentry", "pk": 42, "fields": {"action_time": "2022-10-22T18:28:55.772Z", "user": 1, "content_type": 7, "object_id": "6", "object_repr": "Tẩy tế bào chết", "action_flag": 1, "change_message": "[{\"added\": {}}]"}}, {"model": "admin.logentry", "pk": 43, "fields": {"action_time": "2022-10-22T18:29:50.572Z", "user": 1, "content_type": 8, "object_id": "11", "object_repr": "Tẩy Tế Bào Chết Da Mặt Cocoon Cà Phê Đắk Lắk 150ml", "action_flag": 1, "change_message": "[{\"added\": {}}]"}}, {"model": "admin.logentry", "pk": 44, "fields": {"action_time": "2022-10-22T18:31:32.601Z", "user": 1, "content_type": 8, "object_id": "12", "object_repr": "Dung Dịch Tẩy Da Chết Paula’s Choice BHA 2% 30ml Skin Perfecting 2% BHA Liquid", "action_flag": 1, "change_message": "[{\"added\": {}}]"}}, {"model": "admin.logentry", "pk": 45, "fields": {"action_time": "2022-10-22T18:31:52.450Z", "user": 1, "content_type": 8, "object_id": "11", "object_repr": "Tẩy Tế Bào Chết Da Mặt Cocoon Cà Phê Đắk Lắk Siêu Nhẹ Nhàng150ml", "action_flag": 2, "change_message": "[{\"changed\": {\"fields\": [\"Title\"]}}]"}}, {"model": "admin.logentry", "pk": 46, "fields": {"action_time": "2022-10-22T18:32:01.328Z", "user": 1, "content_type": 8, "object_id": "11", "object_repr": "Tẩy Tế Bào Chết Da Mặt Cocoon Cà Phê Đắk Lắk Siêu Nhẹ Nhàng 150ml", "action_flag": 2, "change_message": "[{\"changed\": {\"fields\": [\"Title\"]}}]"}}, {"model": "admin.logentry", "pk": 47, "fields": {"action_time": "2022-10-22T18:33:26.062Z", "user": 1, "content_type": 7, "object_id": "7", "object_repr": "Nước tẩy trang", "action_flag": 1, "change_message": "[{\"added\": {}}]"}}, {"model": "admin.logentry", "pk": 48, "fields": {"action_time": "2022-10-22T18:34:28.351Z", "user": 1, "content_type": 8, "object_id": "13", "object_repr": "Nước Tẩy Trang L'Oreal Tươi Mát Cho Da Dầu, Hỗn Hợp 400ml Micellar Water 3-in-1", "action_flag": 1, "change_message": "[{\"added\": {}}]"}}, {"model": "admin.logentry", "pk": 49, "fields": {"action_time": "2022-10-22T18:37:43.459Z", "user": 1, "content_type": 8, "object_id": "14", "object_repr": "Nước Tẩy Trang Bioderma Dành Cho Da Nhạy Cảm 500ml Sensibio H2O", "action_flag": 1, "change_message": "[{\"added\": {}}]"}}, {"model": "admin.logentry", "pk": 50, "fields": {"action_time": "2022-10-22T18:38:27.614Z", "user": 1, "content_type": 7, "object_id": "8", "object_repr": "Mặt nạ", "action_flag": 1, "change_message": "[{\"added\": {}}]"}}, {"model": "admin.logentry", "pk": 51, "fields": {"action_time": "2022-10-22T18:40:28.417Z", "user": 1, "content_type": 8, "object_id": "15", "object_repr": "Mặt Nạ BNBG Vitamin B Hỗ Trợ Phục Hồi Da Hư Tổn 30ml Vita Genic Relaxing Jelly Mask", "action_flag": 1, "change_message": "[{\"added\": {}}]"}}, {"model": "admin.logentry", "pk": 52, "fields": {"action_time": "2023-08-17T10:59:44.506Z", "user": 1, "content_type": 6, "object_id": "14", "object_repr": "somename1", "action_flag": 3, "change_message": ""}}, {"model": "admin.logentry", "pk": 53, "fields": {"action_time": "2023-08-17T10:59:44.706Z", "user": 1, "content_type": 6, "object_id": "13", "object_repr": "somename", "action_flag": 3, "change_message": ""}}, {"model": "admin.logentry", "pk": 54, "fields": {"action_time": "2023-08-17T11:09:54.677Z", "user": 1, "content_type": 6, "object_id": "15", "object_repr": "somename", "action_flag": 3, "change_message": ""}}, {"model": "admin.logentry", "pk": 55, "fields": {"action_time": "2023-08-17T11:32:05.180Z", "user": 1, "content_type": 6, "object_id": "18", "object_repr": "somekhaaaa", "action_flag": 3, "change_message": ""}}, {"model": "admin.logentry", "pk": 56, "fields": {"action_time": "2023-08-17T11:32:05.427Z", "user": 1, "content_type": 6, "object_id": "17", "object_repr": "somenameeeee", "action_flag": 3, "change_message": ""}}, {"model": "admin.logentry", "pk": 57, "fields": {"action_time": "2023-08-17T11:32:05.555Z", "user": 1, "content_type": 6, "object_id": "16", "object_repr": "somenamemeee", "action_flag": 3, "change_message": ""}}, {"model": "admin.logentry", "pk": 58, "fields": {"action_time": "2023-08-30T15:32:31.203Z", "user": 1, "content_type": 9, "object_id": "56", "object_repr": "56", "action_flag": 3, "change_message": ""}}, {"model": "admin.logentry", "pk": 59, "fields": {"action_time": "2023-08-30T15:32:31.349Z", "user": 1, "content_type": 9, "object_id": "55", "object_repr": "55", "action_flag": 3, "change_message": ""}}, {"model": "admin.logentry", "pk": 60, "fields": {"action_time": "2023-08-30T15:32:31.468Z", "user": 1, "content_type": 9, "object_id": "54", "object_repr": "54", "action_flag": 3, "change_message": ""}}, {"model": "admin.logentry", "pk": 61, "fields": {"action_time": "2023-08-30T15:32:31.602Z", "user": 1, "content_type": 9, "object_id": "53", "object_repr": "53", "action_flag": 3, "change_message": ""}}, {"model": "admin.logentry", "pk": 62, "fields": {"action_time": "2023-08-30T15:32:31.699Z", "user": 1, "content_type": 9, "object_id": "52", "object_repr": "52", "action_flag": 3, "change_message": ""}}, {"model": "admin.logentry", "pk": 63, "fields": {"action_time": "2023-08-30T15:32:31.831Z", "user": 1, "content_type": 9, "object_id": "51", "object_repr": "51", "action_flag": 3, "change_message": ""}}, {"model": "admin.logentry", "pk": 64, "fields": {"action_time": "2023-08-30T15:32:31.987Z", "user": 1, "content_type": 9, "object_id": "50", "object_repr": "50", "action_flag": 3, "change_message": ""}}, {"model": "admin.logentry", "pk": 65, "fields": {"action_time": "2023-08-30T15:32:32.141Z", "user": 1, "content_type": 9, "object_id": "49", "object_repr": "49", "action_flag": 3, "change_message": ""}}, {"model": "admin.logentry", "pk": 66, "fields": {"action_time": "2023-08-30T15:32:32.272Z", "user": 1, "content_type": 9, "object_id": "48", "object_repr": "48", "action_flag": 3, "change_message": ""}}, {"model": "admin.logentry", "pk": 67, "fields": {"action_time": "2023-08-30T15:32:32.392Z", "user": 1, "content_type": 9, "object_id": "47", "object_repr": "47", "action_flag": 3, "change_message": ""}}, {"model": "admin.logentry", "pk": 68, "fields": {"action_time": "2023-08-30T15:32:32.545Z", "user": 1, "content_type": 9, "object_id": "46", "object_repr": "46", "action_flag": 3, "change_message": ""}}, {"model": "admin.logentry", "pk": 69, "fields": {"action_time": "2023-08-30T15:32:32.679Z", "user": 1, "content_type": 9, "object_id": "45", "object_repr": "45", "action_flag": 3, "change_message": ""}}, {"model": "admin.logentry", "pk": 70, "fields": {"action_time": "2023-08-30T15:32:32.810Z", "user": 1, "content_type": 9, "object_id": "44", "object_repr": "44", "action_flag": 3, "change_message": ""}}, {"model": "admin.logentry", "pk": 71, "fields": {"action_time": "2023-08-30T15:32:32.943Z", "user": 1, "content_type": 9, "object_id": "43", "object_repr": "43", "action_flag": 3, "change_message": ""}}, {"model": "admin.logentry", "pk": 72, "fields": {"action_time": "2023-08-30T15:32:33.097Z", "user": 1, "content_type": 9, "object_id": "42", "object_repr": "42", "action_flag": 3, "change_message": ""}}, {"model": "admin.logentry", "pk": 73, "fields": {"action_time": "2023-08-30T15:32:33.283Z", "user": 1, "content_type": 9, "object_id": "41", "object_repr": "41", "action_flag": 3, "change_message": ""}}, {"model": "admin.logentry", "pk": 74, "fields": {"action_time": "2023-08-30T15:32:33.436Z", "user": 1, "content_type": 9, "object_id": "40", "object_repr": "40", "action_flag": 3, "change_message": ""}}, {"model": "admin.logentry", "pk": 75, "fields": {"action_time": "2023-08-30T15:32:33.590Z", "user": 1, "content_type": 9, "object_id": "39", "object_repr": "39", "action_flag": 3, "change_message": ""}}, {"model": "admin.logentry", "pk": 76, "fields": {"action_time": "2023-08-30T15:32:33.695Z", "user": 1, "content_type": 9, "object_id": "38", "object_repr": "38", "action_flag": 3, "change_message": ""}}, {"model": "admin.logentry", "pk": 77, "fields": {"action_time": "2023-08-30T15:32:33.826Z", "user": 1, "content_type": 9, "object_id": "37", "object_repr": "37", "action_flag": 3, "change_message": ""}}, {"model": "admin.logentry", "pk": 78, "fields": {"action_time": "2023-08-30T15:32:33.958Z", "user": 1, "content_type": 9, "object_id": "36", "object_repr": "36", "action_flag": 3, "change_message": ""}}, {"model": "admin.logentry", "pk": 79, "fields": {"action_time": "2023-08-30T15:32:34.113Z", "user": 1, "content_type": 9, "object_id": "35", "object_repr": "35", "action_flag": 3, "change_message": ""}}, {"model": "admin.logentry", "pk": 80, "fields": {"action_time": "2023-08-30T15:32:34.267Z", "user": 1, "content_type": 9, "object_id": "34", "object_repr": "34", "action_flag": 3, "change_message": ""}}, {"model": "admin.logentry", "pk": 81, "fields": {"action_time": "2023-08-30T15:32:34.416Z", "user": 1, "content_type": 9, "object_id": "33", "object_repr": "33", "action_flag": 3, "change_message": ""}}, {"model": "admin.logentry", "pk": 82, "fields": {"action_time": "2023-08-30T15:32:34.531Z", "user": 1, "content_type": 9, "object_id": "32", "object_repr": "32", "action_flag": 3, "change_message": ""}}, {"model": "admin.logentry", "pk": 83, "fields": {"action_time": "2023-09-09T12:04:09.484Z", "user": 1, "content_type": 12, "object_id": "1", "object_repr": "mygraph", "action_flag": 1, "change_message": "[{\"added\": {}}]"}}, {"model": "admin.logentry", "pk": 84, "fields": {"action_time": "2023-09-09T12:07:17.157Z", "user": 1, "content_type": 12, "object_id": "1", "object_repr": "mygraph", "action_flag": 2, "change_message": "[{\"changed\": {\"fields\": [\"Graph title\", \"Model name\", \"Date field name\", \"Operate field name\", \"Choose Type operation\", \"Choose Type operation\"]}}]"}}, {"model": "admin.logentry", "pk": 85, "fields": {"action_time": "2023-09-09T12:08:28.462Z", "user": 1, "content_type": 12, "object_id": "1", "object_repr": "mygraph", "action_flag": 2, "change_message": "[{\"changed\": {\"fields\": [\"Choose Type operation\"]}}]"}}, {"model": "admin.logentry", "pk": 86, "fields": {"action_time": "2023-09-09T12:10:36.302Z", "user": 1, "content_type": 12, "object_id": "1", "object_repr": "mygraph", "action_flag": 2, "change_message": "[{\"changed\": {\"fields\": [\"Distinct\"]}}]"}}, {"model": "admin.logentry", "pk": 87, "fields": {"action_time": "2023-09-28T08:47:53.123Z", "user": 1, "content_type": 6, "object_id": "19", "object_repr": "duykhalk", "action_flag": 3, "change_message": ""}}, {"model": "admin.logentry", "pk": 88, "fields": {"action_time": "2023-09-28T08:50:47.786Z", "user": 1, "content_type": 6, "object_id": "20", "object_repr": "someusername", "action_flag": 3, "change_message": ""}}, {"model": "admin.logentry", "pk": 89, "fields": {"action_time": "2023-09-30T06:16:58.238Z", "user": 1, "content_type": 16, "object_id": "1", "object_repr": "1", "action_flag": 1, "change_message": "[{\"added\": {}}]"}}, {"model": "admin.logentry", "pk": 90, "fields": {"action_time": "2023-09-30T06:23:57.327Z", "user": 1, "content_type": 16, "object_id": "1", "object_repr": "1", "action_flag": 2, "change_message": "[{\"changed\": {\"fields\": [\"Stock quantity\"]}}]"}}, {"model": "admin.logentry", "pk": 91, "fields": {"action_time": "2023-09-30T07:16:48.820Z", "user": 1, "content_type": 16, "object_id": "1", "object_repr": "1", "action_flag": 2, "change_message": "[{\"changed\": {\"fields\": [\"Stock quantity\"]}}]"}}, {"model": "admin.logentry", "pk": 92, "fields": {"action_time": "2023-10-05T06:50:44.870Z", "user": 1, "content_type": 16, "object_id": "2", "object_repr": "2", "action_flag": 1, "change_message": "[{\"added\": {}}]"}}, {"model": "auth.permission", "pk": 1, "fields": {"name": "Can add log entry", "content_type": 1, "codename": "add_logentry"}}, {"model": "auth.permission", "pk": 2, "fields": {"name": "Can change log entry", "content_type": 1, "codename": "change_logentry"}}, {"model": "auth.permission", "pk": 3, "fields": {"name": "Can delete log entry", "content_type": 1, "codename": "delete_logentry"}}, {"model": "auth.permission", "pk": 4, "fields": {"name": "Can view log entry", "content_type": 1, "codename": "view_logentry"}}, {"model": "auth.permission", "pk": 5, "fields": {"name": "Can add permission", "content_type": 2, "codename": "add_permission"}}, {"model": "auth.permission", "pk": 6, "fields": {"name": "Can change permission", "content_type": 2, "codename": "change_permission"}}, {"model": "auth.permission", "pk": 7, "fields": {"name": "Can delete permission", "content_type": 2, "codename": "delete_permission"}}, {"model": "auth.permission", "pk": 8, "fields": {"name": "Can view permission", "content_type": 2, "codename": "view_permission"}}, {"model": "auth.permission", "pk": 9, "fields": {"name": "Can add group", "content_type": 3, "codename": "add_group"}}, {"model": "auth.permission", "pk": 10, "fields": {"name": "Can change group", "content_type": 3, "codename": "change_group"}}, {"model": "auth.permission", "pk": 11, "fields": {"name": "Can delete group", "content_type": 3, "codename": "delete_group"}}, {"model": "auth.permission", "pk": 12, "fields": {"name": "Can view group", "content_type": 3, "codename": "view_group"}}, {"model": "auth.permission", "pk": 13, "fields": {"name": "Can add content type", "content_type": 4, "codename": "add_contenttype"}}, {"model": "auth.permission", "pk": 14, "fields": {"name": "Can change content type", "content_type": 4, "codename": "change_contenttype"}}, {"model": "auth.permission", "pk": 15, "fields": {"name": "Can delete content type", "content_type": 4, "codename": "delete_contenttype"}}, {"model": "auth.permission", "pk": 16, "fields": {"name": "Can view content type", "content_type": 4, "codename": "view_contenttype"}}, {"model": "auth.permission", "pk": 17, "fields": {"name": "Can add session", "content_type": 5, "codename": "add_session"}}, {"model": "auth.permission", "pk": 18, "fields": {"name": "Can change session", "content_type": 5, "codename": "change_session"}}, {"model": "auth.permission", "pk": 19, "fields": {"name": "Can delete session", "content_type": 5, "codename": "delete_session"}}, {"model": "auth.permission", "pk": 20, "fields": {"name": "Can view session", "content_type": 5, "codename": "view_session"}}, {"model": "auth.permission", "pk": 21, "fields": {"name": "Can add user", "content_type": 6, "codename": "add_user"}}, {"model": "auth.permission", "pk": 22, "fields": {"name": "Can change user", "content_type": 6, "codename": "change_user"}}, {"model": "auth.permission", "pk": 23, "fields": {"name": "Can delete user", "content_type": 6, "codename": "delete_user"}}, {"model": "auth.permission", "pk": 24, "fields": {"name": "Can view user", "content_type": 6, "codename": "view_user"}}, {"model": "auth.permission", "pk": 25, "fields": {"name": "Can add category", "content_type": 7, "codename": "add_category"}}, {"model": "auth.permission", "pk": 26, "fields": {"name": "Can change category", "content_type": 7, "codename": "change_category"}}, {"model": "auth.permission", "pk": 27, "fields": {"name": "Can delete category", "content_type": 7, "codename": "delete_category"}}, {"model": "auth.permission", "pk": 28, "fields": {"name": "Can view category", "content_type": 7, "codename": "view_category"}}, {"model": "auth.permission", "pk": 29, "fields": {"name": "Can add product", "content_type": 8, "codename": "add_product"}}, {"model": "auth.permission", "pk": 30, "fields": {"name": "Can change product", "content_type": 8, "codename": "change_product"}}, {"model": "auth.permission", "pk": 31, "fields": {"name": "Can delete product", "content_type": 8, "codename": "delete_product"}}, {"model": "auth.permission", "pk": 32, "fields": {"name": "Can view product", "content_type": 8, "codename": "view_product"}}, {"model": "auth.permission", "pk": 33, "fields": {"name": "Can add order", "content_type": 9, "codename": "add_order"}}, {"model": "auth.permission", "pk": 34, "fields": {"name": "Can change order", "content_type": 9, "codename": "change_order"}}, {"model": "auth.permission", "pk": 35, "fields": {"name": "Can delete order", "content_type": 9, "codename": "delete_order"}}, {"model": "auth.permission", "pk": 36, "fields": {"name": "Can view order", "content_type": 9, "codename": "view_order"}}, {"model": "auth.permission", "pk": 37, "fields": {"name": "Can add order item", "content_type": 10, "codename": "add_orderitem"}}, {"model": "auth.permission", "pk": 38, "fields": {"name": "Can change order item", "content_type": 10, "codename": "change_orderitem"}}, {"model": "auth.permission", "pk": 39, "fields": {"name": "Can delete order item", "content_type": 10, "codename": "delete_orderitem"}}, {"model": "auth.permission", "pk": 40, "fields": {"name": "Can view order item", "content_type": 10, "codename": "view_orderitem"}}, {"model": "auth.permission", "pk": 41, "fields": {"name": "Can add PayPal IPN", "content_type": 11, "codename": "add_paypalipn"}}, {"model": "auth.permission", "pk": 42, "fields": {"name": "Can change PayPal IPN", "content_type": 11, "codename": "change_paypalipn"}}, {"model": "auth.permission", "pk": 43, "fields": {"name": "Can delete PayPal IPN", "content_type": 11, "codename": "delete_paypalipn"}}, {"model": "auth.permission", "pk": 44, "fields": {"name": "Can view PayPal IPN", "content_type": 11, "codename": "view_paypalipn"}}, {"model": "auth.permission", "pk": 45, "fields": {"name": "Can add dashboard stats", "content_type": 12, "codename": "add_dashboardstats"}}, {"model": "auth.permission", "pk": 46, "fields": {"name": "Can change dashboard stats", "content_type": 12, "codename": "change_dashboardstats"}}, {"model": "auth.permission", "pk": 47, "fields": {"name": "Can delete dashboard stats", "content_type": 12, "codename": "delete_dashboardstats"}}, {"model": "auth.permission", "pk": 48, "fields": {"name": "Can view dashboard stats", "content_type": 12, "codename": "view_dashboardstats"}}, {"model": "auth.permission", "pk": 49, "fields": {"name": "Can add dashboard stats criteria", "content_type": 13, "codename": "add_dashboardstatscriteria"}}, {"model": "auth.permission", "pk": 50, "fields": {"name": "Can change dashboard stats criteria", "content_type": 13, "codename": "change_dashboardstatscriteria"}}, {"model": "auth.permission", "pk": 51, "fields": {"name": "Can delete dashboard stats criteria", "content_type": 13, "codename": "delete_dashboardstatscriteria"}}, {"model": "auth.permission", "pk": 52, "fields": {"name": "Can view dashboard stats criteria", "content_type": 13, "codename": "view_dashboardstatscriteria"}}, {"model": "auth.permission", "pk": 53, "fields": {"name": "Can add criteria to stats m2m", "content_type": 14, "codename": "add_criteriatostatsm2m"}}, {"model": "auth.permission", "pk": 54, "fields": {"name": "Can change criteria to stats m2m", "content_type": 14, "codename": "change_criteriatostatsm2m"}}, {"model": "auth.permission", "pk": 55, "fields": {"name": "Can delete criteria to stats m2m", "content_type": 14, "codename": "delete_criteriatostatsm2m"}}, {"model": "auth.permission", "pk": 56, "fields": {"name": "Can view criteria to stats m2m", "content_type": 14, "codename": "view_criteriatostatsm2m"}}, {"model": "auth.permission", "pk": 57, "fields": {"name": "Can add cached value", "content_type": 15, "codename": "add_cachedvalue"}}, {"model": "auth.permission", "pk": 58, "fields": {"name": "Can change cached value", "content_type": 15, "codename": "change_cachedvalue"}}, {"model": "auth.permission", "pk": 59, "fields": {"name": "Can delete cached value", "content_type": 15, "codename": "delete_cachedvalue"}}, {"model": "auth.permission", "pk": 60, "fields": {"name": "Can view cached value", "content_type": 15, "codename": "view_cachedvalue"}}, {"model": "auth.permission", "pk": 61, "fields": {"name": "Can add stock", "content_type": 16, "codename": "add_stock"}}, {"model": "auth.permission", "pk": 62, "fields": {"name": "Can change stock", "content_type": 16, "codename": "change_stock"}}, {"model": "auth.permission", "pk": 63, "fields": {"name": "Can delete stock", "content_type": 16, "codename": "delete_stock"}}, {"model": "auth.permission", "pk": 64, "fields": {"name": "Can view stock", "content_type": 16, "codename": "view_stock"}}, {"model": "contenttypes.contenttype", "pk": 1, "fields": {"app_label": "admin", "model": "logentry"}}, {"model": "contenttypes.contenttype", "pk": 2, "fields": {"app_label": "auth", "model": "permission"}}, {"model": "contenttypes.contenttype", "pk": 3, "fields": {"app_label": "auth", "model": "group"}}, {"model": "contenttypes.contenttype", "pk": 4, "fields": {"app_label": "contenttypes", "model": "contenttype"}}, {"model": "contenttypes.contenttype", "pk": 5, "fields": {"app_label": "sessions", "model": "session"}}, {"model": "contenttypes.contenttype", "pk": 6, "fields": {"app_label": "store", "model": "user"}}, {"model": "contenttypes.contenttype", "pk": 7, "fields": {"app_label": "store", "model": "category"}}, {"model": "contenttypes.contenttype", "pk": 8, "fields": {"app_label": "store", "model": "product"}}, {"model": "contenttypes.contenttype", "pk": 9, "fields": {"app_label": "store", "model": "order"}}, {"model": "contenttypes.contenttype", "pk": 10, "fields": {"app_label": "store", "model": "orderitem"}}, {"model": "contenttypes.contenttype", "pk": 11, "fields": {"app_label": "ipn", "model": "paypalipn"}}, {"model": "contenttypes.contenttype", "pk": 12, "fields": {"app_label": "admin_tools_stats", "model": "dashboardstats"}}, {"model": "contenttypes.contenttype", "pk": 13, "fields": {"app_label": "admin_tools_stats", "model": "dashboardstatscriteria"}}, {"model": "contenttypes.contenttype", "pk": 14, "fields": {"app_label": "admin_tools_stats", "model": "criteriatostatsm2m"}}, {"model": "contenttypes.contenttype", "pk": 15, "fields": {"app_label": "admin_tools_stats", "model": "cachedvalue"}}, {"model": "contenttypes.contenttype", "pk": 16, "fields": {"app_label": "store", "model": "stock"}}, {"model": "sessions.session", "pk": "0qufhy83iutwt5ivxhyjymzvuuknxdbb", "fields": {"session_data": ".eJyrVipOLS7OzM-Lz06tVLKqVjIFEQVFmcmpSlZKhpZ6RgZKOkrF-Tml-XnpSlZGtTpKxsgqjA30DFBUmAJVGKGYYapnZIxuBiEVtbUAul8tAw:1ofGZa:k_87Spt31qh5rnnPRd7aswebUcn6tWQKIGzZAluUyZE", "expire_date": "2022-10-17T08:13:10.697Z"}}, {"model": "sessions.session", "pk": "0y17se7gnak4cupoogf1r6i3o4ljrdu0", "fields": {"session_data": "eyJzZXNzaW9uX2tleSI6e319:1qmSId:__lMJil_Fg-DNyNLUR15VBezWTt4VSsXzguWfqzK3UA", "expire_date": "2023-10-14T05:13:55.316Z"}}, {"model": "sessions.session", "pk": "1sj9uogtciyfqebwuybp3o8ufphmdyh6", "fields": {"session_data": ".eJyrVipOLS7OzM-Lz06tVLKqVjIFEQVFmcmpSlZKhpZ6RgZKOkrF-Tml-XnpSlaGtTpK5igqDEBAzwBNVW0tANREGrY:1ofchn:xSGWzEhf3hL3nYVnwjS8-9DKIka7c6Mc-pYYMpHLkyE", "expire_date": "2022-10-18T07:51:07.771Z"}}, {"model": "sessions.session", "pk": "38i4p2u6vapu02t5jfyfzqyxh1k6sdzz", "fields": {"session_data": ".eJyrVipOLS7OzM-Lz06tVLKqVjIFEQVFmcmpSlZKhpZ6RgZKOkrF-Tml-XnpSlaGtTpKRigqTPWMjElTYVxbWwsAdfgjgQ:1ofF1l:Do0gTW0KlpOlkLMtP71-Ik9DxSMvLVuG_AJCh4_5CRE", "expire_date": "2022-10-17T06:34:09.687Z"}}, {"model": "sessions.session", "pk": "3cbdoya1onql0g4ihjwxsbfgcpjziie4", "fields": {"session_data": ".eJxVjDsOgzAQBe_iOrL8I8SU6XMGa727DoTIljAUEeLuAYkiad_Mm1UEWOY-LJWnMJDohBaX3y0CjpwPQC_IzyKx5HkaojwUedIqH4X4fT_dv0APtd_fPnlKyBFjqyI4fWsQ2yYpZJe8QautVRTZmYQO4eoJkUhbItOYxA72aOVah5LDyB_Rrdv2BSx3P_I:1oeWkS:EQtILBXANG929zXwyCp7WcYOzcR-ZbP2gmoLEHrhjSw", "expire_date": "2022-10-15T07:17:20.744Z"}}, {"model": "sessions.session", "pk": "3hpfc633hej1nxou71kmtyiwudi61469", "fields": {"session_data": ".eJyrVipOLS7OzM-Lz06tVLKqVjIFEQVFmcmpSlZKhpZ6RgZKOkrF-Tml-XnpSlbGtTpK5igqDEBAzwBFlVFtbS0A1JwauQ:1ofcJL:4XibWq3jEkyBNnBFJkOh1XL10cUKXo50hjf8zucZh8o", "expire_date": "2022-10-18T07:25:51.970Z"}}, {"model": "sessions.session", "pk": "3j82b0iut3byusxbmclktjeaosmw2mvc", "fields": {"session_data": ".eJxVjDsOgzAQRO_iOkL-EWLK9DmDZe-uwSGyIwxFhLh7sESRNFPMvHkbs25dRrsWmm1E1jPBLr-ddzBRqgM-XRpyAzktc_RNRZpzLc0jI73uJ_snGF0Zj7cJBgOQB99x77S4tQBdGziQDkaCEkpx9KRlAA3uahAAUShE2cpA2h3SQqXEnOxEH9ZvTPCa7zkCHX5lFOe8Uvm15jSwXu_7_gWBIkmy:1qmULg:QETqlFo4b6W2qtHvmLmD8QbHGv5qT_PGXRUutXHr-gc", "expire_date": "2023-10-14T07:25:12.256Z"}}, {"model": "sessions.session", "pk": "47hu15643b58zmrwugpra1ip6i4zr857", "fields": {"session_data": "eyJzZXNzaW9uX2tleSI6e319:1oiY9B:gbT_FFNEmMkdSA5BxaI4vlpSPEXyrtuKEvxOEuvcqZ8", "expire_date": "2022-10-26T09:35:29.605Z"}}, {"model": "sessions.session", "pk": "4gavx53aotu623632wdu57jg6bhh802l", "fields": {"session_data": ".eJxVzj0OgzAMBeC7ZEYR-SsNY_eeASW2A5QqqQgMFeLuJRJDWTz4fX7yxjq3LkO3Zpq7EVnLBKv-d97BRLEE-HKxTxxSXObR80L4mWb-TEjvx2kvBYPLw3Ftg8UA5ME3tXda3A1AY0INpIOVoIRSNXrSMoAGd7MIgCgUojQykHZHaaacxxS7ib6s3Zgs4zOPQOVrw6UqJr3XFHvWir1i5iIsl_VV7PsPPqFS0g:1ol5nd:aWtSLYaay1SBtKE4qRXC9BnyY4bNWi-p2gOUVOYWQns", "expire_date": "2022-11-02T09:55:45.744Z"}}, {"model": "sessions.session", "pk": "5oqctj7hbz6p9b1a8d27ghm96v2kyp9q", "fields": {"session_data": ".eJyrVipOLS7OzM-Lz06tVLKqVjIFEQVFmcmpSlZKhpZ6RgZKOkrF-Tml-XnpSlaGtTpKxsgqjA30DNBU1NYCAHQSGfQ:1ofd11:dNITLEncB2Th53LPRJRPZm49ARi_9IB8t60ubsMbDsg", "expire_date": "2022-10-18T08:10:59.175Z"}}, {"model": "sessions.session", "pk": "5qlaeyve87en3l036ry5cd6rhaq115qv", "fields": {"session_data": "eyJzZXNzaW9uX2tleSI6eyI1Ijp7InByaWNlIjoiMTkuMjAiLCJzb2x1b25nIjo0fX19:1ofest:olEjVitfqCd0PZEHMXwF17QG3Zl_JSi2_YtwXPjSPdo", "expire_date": "2022-10-18T10:10:43.762Z"}}, {"model": "sessions.session", "pk": "5udqct2tpypdqqdbqbzrnasxx1t63vly", "fields": {"session_data": ".eJyrVipOLS7OzM-Lz06tVLKqVjIFEQVFmcmpSlZKhpZ6RgZKOkrF-Tml-XnpSlbGtTpKRigqTPWMjJFVGNbW1gIAdM0Z_Q:1ofgnG:eJwVnPwxj9KdyrrfTGd-RLTxfZV8JWrbkURskpS1jdw", "expire_date": "2022-10-18T12:13:02.987Z"}}, {"model": "sessions.session", "pk": "5vwnxa3wzfbaaq1y4x8xz0e4d3ywky6r", "fields": {"session_data": ".eJxVjDEOgzAQBP9yNUI2NgFTps8bkH13BgdkRxiKCPH3BImGZoud2d0hc84hxX7iL3Q7qDM-S0CGDqRqhRBQQE7zluIAnTyOAnq7rWO_ZV76QKcGt85ZnDiegN42DqnEFNcluPJUyovm8pWI5-fl3g5Gm8f_2nhDHtmha4SzWrY1YlN7gay9qVBJpQQ51pVHjfZhCJFIKqKqrjxrC8cPbxtJfg:1qYLHx:yN5xMZHHdp1M9mP58CgCIdZJMAP_S9syQXMN_wEhxlY", "expire_date": "2023-09-05T06:54:53.680Z"}}, {"model": "sessions.session", "pk": "75oj6hyjdq1lcrvubpa1c8bq2ymxgppk", "fields": {"session_data": ".eJxVjDsOgzAQBe-ydWThDyFOmT5nsNa760CIbAlDESHuniDR0L6ZeStUqXUoOYzyhfu6XSDgMvdhqTKFgeEOGk5bRBol74DfmF9FUcnzNES1K-qgVT0Ly-dxuKeDHmv_r33ynEgixa6J6PStJera1JC45A1ZbW3DUZxJ5AivnomYtWU2rUniELYflfw_8g:1qmHp4:EYD6dj-Qyrb8csoYSAdbBNBMnkLsPIX0srTq4DfW_aU", "expire_date": "2023-10-13T18:02:42.067Z"}}, {"model": "sessions.session", "pk": "7c3lgmguepmro3ot6r36xhpmr6lgha5z", "fields": {"session_data": "eyJzZXNzaW9uX2tleSI6eyIyIjp7InByaWNlIjoiMTUuMjMiLCJzb2x1b25nIjoxfX19:1ofeiV:dh_75e-rj2Fg6HQHCV45Y-inZLmOWaYhlAXnLfBndBw", "expire_date": "2022-10-18T09:59:59.629Z"}}, {"model": "sessions.session", "pk": "7k0pkmg0awst98898p32nash8t0q56y3", "fields": {"session_data": ".eJyrVipOLS7OzM-Lz06tVLKqVjIFEQVFmcmpSlZKhpZ6RgZKOkrF-Tml-XnpSlamtTpK5igqDEBAzwBFlQlQFX5zLGprawHwyiRM:1ofGlT:WHh0U6erapNmRmdFA0wR9SaHEUsRuXZUuRZYdzVC41o", "expire_date": "2022-10-17T08:25:27.566Z"}}, {"model": "sessions.session", "pk": "7v4fejrkw6jl9j5hfy35rw9bzlx1e0s0", "fields": {"session_data": ".eJyrVipOLS7OzM-Lz06tVLKqVjIFEQVFmcmpSlZKhpZ6RgZKOkrF-Tml-XnpSlZGtTpK5igqDEBAzwBFlXFtbS0A1HYauQ:1ogooJ:vLEYndruNy6I5v5F_rRCmNzkOsx--ciDFLaZjR0FeRI", "expire_date": "2022-10-21T14:58:47.302Z"}}, {"model": "sessions.session", "pk": "8abtv3esvbduxtrummmnc23w0ak68squ", "fields": {"session_data": "eyJzZXNzaW9uX2tleSI6e319:1ojCRc:PtqgbTcWWTJ9hiT78_7cwJsAH1xIAeLwyrHB_OVyz4A", "expire_date": "2022-10-28T04:37:12.765Z"}}, {"model": "sessions.session", "pk": "96j0av0jtalopkzg0pkuny3gu7ifxu5h", "fields": {"session_data": "eyJzZXNzaW9uX2tleSI6e319:1ofHjd:WLq-OXFbyWIj7VemcP0s_MQWjlV7-SU80ZOuBjmFxO4", "expire_date": "2022-10-17T09:27:37.557Z"}}, {"model": "sessions.session", "pk": "9hci45hpsdjdjbzf0cnwu9elj1j1e4is", "fields": {"session_data": ".eJyrVipOLS7OzM-Lz06tVLKqVjIFEQVFmcmpSlZKhpZ6RgZKOkrF-Tml-XnpSlZGtTpKxsgqjA30DFBUGNfW1gIAdEAZ9w:1ofHcq:K2SiGBVWrEnkyfH5aXGcbzetiCL6WjLncS2wvqOId5U", "expire_date": "2022-10-17T09:20:36.898Z"}}, {"model": "sessions.session", "pk": "9r65zs50sbc46z2fnlpujbumijy80cyx", "fields": {"session_data": ".eJxVjEEOgjAQRe8ya9MwpU7FpXvP0EzbqSCmTSgsDOHuSsKG7X_v_RWq1DqU7Eb5wn3dLuB4mXu3VJncEOEOiHAaPYdR8k7im_OrqFDyPA1e7Yo6aFXPEuXzONzTQc-1_9faiLWWWybfpOCx8cHQNRJGS6SlYQqJpEV9M8TJGOkwaExt5M5o6Ri2H4CzPnU:1okhtD:l8aG4UZG0Pan0Nszg114g-1Q46yU-GUmWXx-Vk5x6Z0", "expire_date": "2022-11-01T08:23:55.770Z"}}, {"model": "sessions.session", "pk": "a8vx07vbghdpkks8bifi4ywlmp7a2jqd", "fields": {"session_data": ".eJyrVipOLS7OzM-Lz06tVLKqVjIFEQVFmcmpSlZKhpZ6RgZKOkrF-Tml-XnpSlbmtToEVdTWAgB2ABoL:1ofHnw:_4a7Bs5vtffEvRS7QztLirP_dJCuOtF1R6j0RG80VPU", "expire_date": "2022-10-17T09:32:04.691Z"}}, {"model": "sessions.session", "pk": "adie2m2kmw9yw8ke4fbtjtb3x9hjxfuq", "fields": {"session_data": "eyJzZXNzaW9uX2tleSI6e319:1qoICR:BohsP_z4nyWRi_2XWuWiQWSkx-y-sjRsM21JPw-iujg", "expire_date": "2023-10-19T06:51:07.191Z"}}, {"model": "sessions.session", "pk": "an9c0icgfzl2hph41v64gkq3a3ifhaow", "fields": {"session_data": ".eJyrVipOLS7OzM-Lz06tVLKqVjIFEQVFmcmpSlZKhpZ6RgZKOkrF-Tml-XnpSlbGtTpK5igqDEBAzwBFlRFQlTGyKmN0FWYEVVjU1tYCAEymLb8:1ofIEh:xD8USY-nC7m54dZK2_kGe4FuMK3UQ2BAYAZkDjvrA_I", "expire_date": "2022-10-17T09:59:43.897Z"}}, {"model": "sessions.session", "pk": "b4ux52f01y72jwvswof4k7805lf1e6be", "fields": {"session_data": ".eJxlzMEOwiAMBuB36dkQGMzJjt59BgJtcagBM9zBmL27I_GgsYf_0P9rX1C51lSyu_ITxhfoFvc5IcMIWgopYQe13JaSzzCqdQfDt1CyzZ_amPPLY3JL5dklahJ-dsHjlXMr6OLzuQgs-TGnIBoRn7aKUyG-HT_258Hk67Rd22gpIgcMgwzeqEOPOPRRIptoO9RKa0mBTRfRoN9bQiRSmqjru8jGw_oGIylTgg:1ollS9:WqOQ8VuIuuYc4IF5HOoXE_bHZPSPPKL__aMSf3XGFBI", "expire_date": "2022-11-04T06:24:21.484Z"}}, {"model": "sessions.session", "pk": "bdg1651e5oju9s04mt3fzcrt8xhu33sp", "fields": {"session_data": "eyJzZXNzaW9uX2tleSI6e319:1ofHl5:LUmwOm6A_xTsPqzfSsSFr7RmFhdgRauRbUrrz67xo4E", "expire_date": "2022-10-17T09:29:07.571Z"}}, {"model": "sessions.session", "pk": "bv0vka080f9hh5ycswkp7xpujw8hwl2q", "fields": {"session_data": "eyJzZXNzaW9uX2tleSI6e319:1ojDuc:Jh8YiTxBow6bkHuRSGQdyozqHWQ6d_TJFo3-oKqStG0", "expire_date": "2022-10-28T06:11:14.585Z"}}, {"model": "sessions.session", "pk": "ckgz81lewtp8sxcjuc335fn3qmy53uu7", "fields": {"session_data": "eyJzZXNzaW9uX2tleSI6e319:1qrxxT:_h6hYPq3yNkOekzRBHSSzLzkftIsPCFCG3oM8xJz5t4", "expire_date": "2023-10-29T10:02:51.284Z"}}, {"model": "sessions.session", "pk": "cmxqchm2v8tonnhfm6cvc863wkd0lp7e", "fields": {"session_data": ".eJyrVipOLS7OzM-Lz06tVLKqVjIFEQVFmcmpSlZKhpZ6RgZKOkrF-Tml-XnpSlaGtTpKxsgqjA30DNBU1NYCAHQSGfQ:1ofcnZ:DRKXMsKOrCGOrAovyWtZlC4hZe1vgrBPZzxIrs9L4KU", "expire_date": "2022-10-18T07:57:05.812Z"}}, {"model": "sessions.session", "pk": "cp89cyaju7ywyjxwvg264zjakyfk9da2", "fields": {"session_data": "eyJzZXNzaW9uX2tleSI6e319:1qetmw:t_oV3N_uV82PM3Tof2FOv7YUjPXqC7uyw_M3hsJZVgc", "expire_date": "2023-09-23T08:57:58.525Z"}}, {"model": "sessions.session", "pk": "daud7ln2q7c4vxy1k0wsm2tkn7i9qox9", "fields": {"session_data": "eyJzZXNzaW9uX2tleSI6e319:1oiYCh:QioGvlv38miEPt6pRDK8e7iqmDGhAcod8DkZot98utk", "expire_date": "2022-10-26T09:39:07.301Z"}}, {"model": "sessions.session", "pk": "e1yt6nluilfbh9dkjmjj91qy24fjdk2c", "fields": {"session_data": "eyJzZXNzaW9uX2tleSI6e319:1ojDxi:8OE23c20pVh6d02Whp1EXjmoBN9N-dtsKG8lSSuj4-Y", "expire_date": "2022-10-28T06:14:26.469Z"}}, {"model": "sessions.session", "pk": "enjnhnmvjr0catd53snmfb8otc0iiaf0", "fields": {"session_data": ".eJyrVipOLS7OzM-Lz06tVLKqVjIFEQVFmcmpSlZKhpZ6RgZKOkrF-Tml-XnpSlaGtTpK5igqDEBAzwBNVW0tANREGrY:1ofcwm:EidJ58amWnOA0dRCYIMrhftZedx2rUcsQKB5nDtMWPg", "expire_date": "2022-10-18T08:06:36.540Z"}}, {"model": "sessions.session", "pk": "eo9tk9hfykacfgbintx8ymy2ktwv1tip", "fields": {"session_data": "eyJzZXNzaW9uX2tleSI6eyI1Ijp7InByaWNlIjoiMTkuMjAiLCJzb2x1b25nIjoxfX19:1ofJNn:UgOrx9nPYd1gFMzLmtWj0HM_3Wkx-9d1ll8qzmnIkc8", "expire_date": "2022-10-17T11:13:11.131Z"}}, {"model": "sessions.session", "pk": "exdor1qlgcgczh68syrbjbuaqe6mvt5a", "fields": {"session_data": ".eJyrVipOLS7OzM-Lz06tVLKqVjIFEQVFmcmpSlZKhpZ6RgZKOkrF-Tml-XnpSlaGtTpK5igqDEBAzwBNVW0tANREGrY:1ofedh:-VWe9H_raCWOuXZo7erZr4Wou7K-ysJK4FLB0mFPVdI", "expire_date": "2022-10-18T09:55:01.135Z"}}, {"model": "sessions.session", "pk": "fufeaurn4a7mmtyi561ezme7w0u2qyju", "fields": {"session_data": ".eJyrVipOLS7OzM-Lz06tVLKqVjIFEQVFmcmpSlZKhpZ6RgZKOkrF-Tml-XnpSlZmtTpKxsgqjA30DFBUmABVmKOYYQACaKqMa2trAfxMJD0:1ofIuC:zKM92yJnKrnLtnbsUR_-ltjtGFXVF8hlE8pbNSXHtkw", "expire_date": "2022-10-17T10:42:36.996Z"}}, {"model": "sessions.session", "pk": "fxotiv7y7z7mcgx9urzcebw9mbfci200", "fields": {"session_data": "eyJzZXNzaW9uX2tleSI6e319:1oiYKz:fGJBdDtrnPkpp1x0A11sc8m3KJLZNjdhCVxW3x4KIvc", "expire_date": "2022-10-26T09:47:41.393Z"}}, {"model": "sessions.session", "pk": "g6c6awkeu42azitr1g0osbdut6l8fgdg", "fields": {"session_data": ".eJyrVipOLS7OzM-Lz06tVLKqVjIFEQVFmcmpSlZKhpZ6RgZKtTpKxsiixgZ6BkDR2loAVsYSMA:1ofEj1:nI6xijIfSAsmQLX46m2kWMoS5TRej5ZDb3Iku-dhAZg", "expire_date": "2022-10-17T06:14:47.655Z"}}, {"model": "sessions.session", "pk": "g9laz420ogb3n24b1j9kqpodyxjypmnn", "fields": {"session_data": ".eJxVjDsOgzAQBe-ydWThDyFOmT5nsNa760CIbAlDESHuniDR0L6ZeStUqXUoOYzyhfu6XSDgMvdhqTKFgeEOGk5bRBol74DfmF9FUcnzNES1K-qgVT0Ly-dxuKeDHmv_r33ynEgixa6J6PStJera1JC45A1ZbW3DUZxJ5AivnomYtWU2rUniELYflfw_8g:1qYLDb:qwdoSJlbRHJHeCOsiHdZA8t-XhzF9jWPTEaTTUV8070", "expire_date": "2023-09-05T06:50:23.049Z"}}, {"model": "sessions.session", "pk": "h5gr6pqwvd9qdwsiyzdfryr3kl9pz3uh", "fields": {"session_data": ".eJxVjEEOgjAQRe8ya9MwpU7FpXvP0EzbqSCmTSgsDOHuSsKG7X_v_RWq1DqU7Eb5wn3dLuB4mXu3VJncEOEOiHAaPYdR8k7im_OrqFDyPA1e7Yo6aFXPEuXzONzTQc-1_9faiLWWWybfpOCx8cHQNRJGS6SlYQqJpEV9M8TJGOkwaExt5M5o6Ri2H4CzPnU:1qh9fQ:7w3vgA7uD2ToJZUVwI_8A5FDYkxhuShKh3kqh9AFulM", "expire_date": "2023-09-29T14:19:32.111Z"}}, {"model": "sessions.session", "pk": "h8u5xgag9c6vxg2xp7mmxnwn37fzbyg4", "fields": {"session_data": ".eJxVjkEOgyAURO_CuiGAWIvL7nsGAv9_lNpAI7pojHevJC7azSxm3kxmY9aty2jXQrONyHom2eXX8w4mSjXAp0tD5pDTMkfPK8LPtPBHRnrdT_ZvYHRlPNomGAxAHnwnvNPy1gJ0bRBAOhgFjWwagZ60CqDBXQ0CIMoGUbUqkHbHaKFSYk52og_rN9ZWec8RqL42XInK5Nea08B6te_7F_RPSU8:1ol6V3:cfuFBpAhTjTAmnGKMu6k3PGOpkj1lgVNTZSYWNstXDc", "expire_date": "2022-11-02T10:40:37.051Z"}}, {"model": "sessions.session", "pk": "hth4d6976w78o65i1yifvyish2pclxxi", "fields": {"session_data": ".eJxdzDEOgzAMBdC7eK6iJITSMHbvGVBiO0CpkorAUCHuXiJ1oR7-4P_sDTLnPKbYTfyBdoOmxHsekaEFJcsIKeECOb3WFHto1X6B-qSs0H_iIJ1bl6FbM8_dSEXBaecdThxLQU8X-yQwxWUevShE_NosHon4df_Z04PB5eG4tsFSQPboG-mdUbcasamDRDbBaqxUVUnybHRAg-5qCZFIVUS61oGNg_0LHzlTjQ:1olm1d:MfkL5r_SkY7Z1cAg8R6O9-TVf7k2Ni2rj1rCSV6_sF4", "expire_date": "2022-11-04T07:01:01.486Z"}}, {"model": "sessions.session", "pk": "hv0xlnr0yk6p52hls28c7oog2x8y43w8", "fields": {"session_data": "eyJzZXNzaW9uX2tleSI6e319:1ojCQR:xuVB9dIzLYiD_L-gW4oUVe6FINHA2MlY_mlGGKEaldA", "expire_date": "2022-10-28T04:35:59.614Z"}}, {"model": "sessions.session", "pk": "hyoijdudvxy8h4ayo4gerhcjbpyy9j3w", "fields": {"session_data": ".eJxtzE0OgjAQBeC7zJqQ_gpl6d4zkHZmKqhpDYWFMd5dSFxIdDOLed97TyhcyphTf-UHdE-QYrv3aUSGDrTTQgiooOTbktMZOvmqoP0msrF_iFTfRtm_Ru92TPtjVtT7ZR76pfDUj7Qx2P2CxyunLaCLT-dcY07zNIZ6I_UnLfUpE9-OH7sbGHwZ1raLjiJywNCI4I1sLWJjo0A20SnUUmtBgY2KaNAfHCESSU2krIpsPLzeOi5nPw:1qbNEk:uu4pT3mFqZaeLM5Xl6to1ggWAH-UrMOe7-w8q6-QIr8", "expire_date": "2023-09-13T15:36:06.120Z"}}, {"model": "sessions.session", "pk": "i3x17ospun1534z54x7gs812wadojer4", "fields": {"session_data": ".eJxtzD0OwjAMBeC7eEZRfintyM4ZqsR2aAElqKEDQr07jdSBSnjw4Pf5faBwKWNO_Z3f0H2gqes5jcjQgZJ1hJRwgJIfc05X6NRyAPOrzD-hdj1OuJ3Qy0p6P7-Gfi489SNVBbtb8HjnVAO6-XTNAnN6TWMQlYgtLeKSiR_nze4KBl-G9buNLUXkgKGRwVt1coiNixLZxlajUcZICmx1RIv-2BIikTJE2unI1sPyBYGvXQY:1olpax:iHhpCj6yUnDOLkQ0kpA3Pqcw5MWEh4Pmo9Ykab5rBYU", "expire_date": "2022-11-04T10:49:43.346Z"}}, {"model": "sessions.session", "pk": "ik8qcaeaagvv7j2m7mb9fkmphvjl608o", "fields": {"session_data": ".eJyrVipOLS7OzM-Lz06tVLKqVjIFEQVFmcmpSlZKhpZ6RgZKOkrF-Tml-XnpSlZGtTpKRigqTPWMjJFVGBNUYVRbWwsAdogjgw:1ofGXE:wfhwa8njvWMBQ8Bj2cjH_4L8N4rEHJGtYz9N0yHuDA0", "expire_date": "2022-10-17T08:10:44.043Z"}}, {"model": "sessions.session", "pk": "j79p58xsiz5lfcsh476168gsnuxy2pu5", "fields": {"session_data": ".eJxlzD0OwjAMBeC7eEZR_kppR3bOECW2QwMoQQ0dEOrdaSQGEB7e4PfZL6hcayrZXfkJ4wtMi_uckGEEI4WUsINabkvJZxj1uoP-WyjZ5k9tzPnlMbml8uwSNQk_u-DxyrkVdPH5XASW_JhTEI2IT1vFqRDfjh_782DyddquhzhQRA4Yehm8VYcOse-iRLZx0GiUMZICWx3Rot8PhEikDJHudGTrYX0DJKtThA:1ollMA:KSlOKep7pmpPdhf_VEe6obXa8jIjcmzQY3DN5JNHyrU", "expire_date": "2022-11-04T06:18:10.213Z"}}, {"model": "sessions.session", "pk": "jikf8fhwba5fp4t9kwjuizwwqtvh1jv3", "fields": {"session_data": ".eJxVzEEOgyAQBdC7zNoQQYTqsvuewQwwqLWBRnTRGO9eSdyw-Yv5b_4BiVKaYxgW-kF_QJvju86WoAfeMVFDBSl-9hhG6PlZgShEy0RTiosMuG_TsCdah9llxaE4GrQLhdy4N4YxMhvDts6GZcLuNrFXdPR53rYYmDBN17eQpLXGBpWpvTW8Nlaq1inutFKCalTWK2q4eEiFXkrquBXcNw47KahDOP9OolFV:1ol5s3:2rSnD37M4TngxB2k42HtgjdTeT1WBJfjFal-gi4OwtY", "expire_date": "2022-11-02T10:00:19.852Z"}}, {"model": "sessions.session", "pk": "jvvj344all1q846xgvcf7m6jz09rm1ok", "fields": {"session_data": "eyJzZXNzaW9uX2tleSI6e319:1ofJRs:Qh_74bafNOSpIRMgYI0QCJ08Yz4Y7bDRPfVsTM8QYvo", "expire_date": "2022-10-17T11:17:24.184Z"}}, {"model": "sessions.session", "pk": "k7ds6khyjzxnp9ft8itcwle96m3ikg1f", "fields": {"session_data": "eyJzZXNzaW9uX2tleSI6e319:1ofHkA:CxRbvVVFu-StsDRSoXdppvf5Fla8_RArIt7IV3nW-f8", "expire_date": "2022-10-17T09:28:10.287Z"}}, {"model": "sessions.session", "pk": "lnhznmalhgil2n58jzg9tgl52l6ifs7c", "fields": {"session_data": "eyJzZXNzaW9uX2tleSI6e319:1ofElG:x8fYRzq-a4nfWGss1w6-9Zzz1VRx0P2KRl3Myv7RLKc", "expire_date": "2022-10-17T06:17:06.100Z"}}, {"model": "sessions.session", "pk": "lznshspfd1dlai50p3vfhx3tgvu3j8i2", "fields": {"session_data": ".eJyrVipOLS7OzM-Lz06tVLKqVjIFEQVFmcmpSlZKhpZ6RgZKOkrF-Tml-XnpSlYmtTpKRigqTPWMjJFVGBJUYVJbWwsAdtQjhQ:1ofGkK:vZS_QOhPRhXfyQnK4YC0ZB3aK9u37Lrhn4HX2bTJUho", "expire_date": "2022-10-17T08:24:16.649Z"}}, {"model": "sessions.session", "pk": "m8e5m5b8tfdehf3p5ii6q9oy5phf5e3e", "fields": {"session_data": "eyJzZXNzaW9uX2tleSI6e319:1ofcQN:1uHP9zrvFgzkcnbJOT97eDjrZHG6zpE0Cx8JvxJPz30", "expire_date": "2022-10-18T07:33:07.456Z"}}, {"model": "sessions.session", "pk": "mjqp611pdnatrktxnpurqlwnki9rmdtq", "fields": {"session_data": "eyJzZXNzaW9uX2tleSI6e319:1ojCxq:kvDLxJgWyJvBLdM_pt8JKsUd5LuQmzxQojXv_HqfJZ0", "expire_date": "2022-10-28T05:10:30.786Z"}}, {"model": "sessions.session", "pk": "moz2qo5xhl54g5q36r14vng5fw5qlwmh", "fields": {"session_data": ".eJxVjDsOgzAQBe-ydWThDyFOmT5nsNa760CIbAlDESHuniDR0L6ZeStUqXUoOYzyhfu6XSDgMvdhqTKFgeEOGk5bRBol74DfmF9FUcnzNES1K-qgVT0Ly-dxuKeDHmv_r33ynEgixa6J6PStJera1JC45A1ZbW3DUZxJ5AivnomYtWU2rUniELYflfw_8g:1qoIbn:z7aUgcHb98uauMO-X9wZXpo7edwwf8gp-3zi3LeoPRE", "expire_date": "2023-10-19T07:17:19.751Z"}}, {"model": "sessions.session", "pk": "nz6y99x8nsat3s3lq4iht8df5va4u2g6", "fields": {"session_data": "eyJzZXNzaW9uX2tleSI6e319:1ofHlb:yNpROhZUm2o6Dk1iUbo-JaJhdjopW1N3eVyVLL6pNw4", "expire_date": "2022-10-17T09:29:39.227Z"}}, {"model": "sessions.session", "pk": "owgx3tw388fagqv173ipudq9pexyfboq", "fields": {"session_data": ".eJyrVipOLS7OzM-Lz06tVLKqVjIFEQVFmcmpSlZKhpZ6RgZKOkrF-Tml-XnpSlaGtToEVdTWAgB1BBn_:1ofF0e:eJtYeoGHJ7WF4boOjICvwQtB-_k1NzUOrTr5H4zWpd0", "expire_date": "2022-10-17T06:33:00.840Z"}}, {"model": "sessions.session", "pk": "oz8zqq4uz6a8sawcviomvq18jpqhtz9p", "fields": {"session_data": ".eJxVjDsOgzAQBe_iOrL8I8SU6XMGa727DoTIljAUEeLuAYkiad_Mm1UEWOY-LJWnMJDohBaX3y0CjpwPQC_IzyKx5HkaojwUedIqH4X4fT_dv0APtd_fPnlKyBFjqyI4fWsQ2yYpZJe8QautVRTZmYQO4eoJkUhbItOYxA72aOVah5LDyB_Rrdv2BSx3P_I:1omx3p:VMVHc1k9hxekHdsIIRvA1ZODEMQcGUZlPF1ynjO_iAM", "expire_date": "2022-11-07T13:00:09.477Z"}}, {"model": "sessions.session", "pk": "pnv0si4svdq4ssipxbnyyocuugclq45a", "fields": {"session_data": ".eJxdzDEOgzAMBdC7eK6iJITSMHbvGVBiO0CpkorAUCHuXiJ1oR7-4P_sDTLnPKbYTfyBdoO6xHsekaEFZYWWcIGcXmuKPbRqv0BzErKMkH_qYJ1bl6FbM8_dSEXCaecdThxLQU8X-yQwxWUevShE_NosHon4df_Z04PB5eG4tsFSQPboG-mdUbcasamDRDbBaqxUVUnybHRAg-5qCZFIVUS61oGNg_0LLQtTjQ:1olmAh:CMywe2wYexUzoRSMC88YrLghT5sHH5Wv1Gn_Fkw1YrQ", "expire_date": "2022-11-04T07:10:23.661Z"}}, {"model": "sessions.session", "pk": "pqq2wldxtqbz3urb5xz2yezdgkkf8xy0", "fields": {"session_data": "eyJzZXNzaW9uX2tleSI6e319:1qmX2m:p8-EhflL8XbUJUHbQ8Ptwtjbf1qBErrhpn4DWfuuY5w", "expire_date": "2023-10-14T10:17:52.102Z"}}, {"model": "sessions.session", "pk": "q7du3k8c0lma2xuuz3foo6e42z4snogx", "fields": {"session_data": ".eJxVjDsOgzAQRO-yNULGNuFTps8ZLHt3DQ6RHWEoIsTdAxINzRTz3swGmXMOKZqJf9BvIM_4zgEZepCqFUJAATl91hQH6OW-F2DsuoxmzTybQIdWwa1zFieOJ6C3jUMqMcVlDq48lfKiuXwl4s_zcm8Ho83jse58Rx7ZoWuEs7pqa8Sm9gJZ-06iqpQS5FhLjxrtoyNEokoRyVp61hb2P2-8SX8:1qZTU3:CR0FfsQcG57MuijfGwuFkZq7ckfzYuE0jJD4A28hq30", "expire_date": "2023-09-08T09:52:03.047Z"}}, {"model": "sessions.session", "pk": "rsmbd0vzlh1q9qln9jdih25oum8yzfe6", "fields": {"session_data": ".eJxVjDsOgzAQBe-ydWThDyFOmT5nsNa760CIbAlDESHuniDR0L6ZeStUqXUoOYzyhfu6XSDgMvdhqTKFgeEOGk5bRBol74DfmF9FUcnzNES1K-qgVT0Ly-dxuKeDHmv_r33ynEgixa6J6PStJera1JC45A1ZbW3DUZxJ5AivnomYtWU2rUniELYflfw_8g:1qmVFu:-FkGeoMW-LblkKmYo2HMVp7NmVDmuFG8fVlFJDfquIw", "expire_date": "2023-10-14T08:23:18.256Z"}}, {"model": "sessions.session", "pk": "svk62sfjlnngozllbohagomq1rcwksq9", "fields": {"session_data": ".eJxVzDEOgzAMBdC7eEZREkJpGLv3DCixHaCgpCJlqCruXiKx4OEP_s_-QeacpxT7mb_Q_aAp8V4nZOhAWaElVJDTsqU4QKf2CtqLkGWEvCi9H6x322fst8xrP1GRcNl5hzPHUtDLxSEJTPGzTl4UIs42i2ciXh6nvTwYXR6PaxssBWSPvpXeGXVvENsmSGQTrMZa1bUkz0YHNOhulhCJVE2kGx3YONj_LblTjg:1ogmLV:aaG2LUH4jRo9OpGxzkWHVT0jfs--LLmaWpDVBrByia0", "expire_date": "2022-10-21T12:20:53.915Z"}}, {"model": "sessions.session", "pk": "tu3i4obw6oyajvjr8r156460k0si3nu2", "fields": {"session_data": "eyJzZXNzaW9uX2tleSI6eyIzIjp7InByaWNlIjoiMzAuMDAiLCJzb2x1b25nIjoyfX19:1ofgcH:4cOjX489aFjTrxSanYM7Yc07q1VSzo0GLwf3MUPTgfo", "expire_date": "2022-10-18T12:01:41.711Z"}}, {"model": "sessions.session", "pk": "tww7fgts2h18dq2jiujoln030br4zdlm", "fields": {"session_data": ".eJxVjDsOgzAQRO-yNbLAnxBTps8ZkL27BkJkRxiKCHH3xBINzRTz3swOmXOeUuxn_kK3gynxWSZk6KCxQtZQQU7vLcUBOnUcFfRuW8d-y7z0ExULLp13OHMsgF4uDklgiusyeVEUcdIsnon4_Tjdy8Ho8vhf22ApIHv0be2dbu4GsTWhRtbBSlSNUjV51jKgRnezhEjUKCJpZGDt4PgBQo1JUA:1oiXlP:OkR9gR1OV_o_YXQId2AexZcnJ0nJbM0tzF7l_pmxBvc", "expire_date": "2022-10-26T09:10:55.950Z"}}, {"model": "sessions.session", "pk": "u91bgm4pkvebfmr2kt8gik9q2qddrbo8", "fields": {"session_data": "eyJzZXNzaW9uX2tleSI6eyI1Ijp7InByaWNlIjoiMTkuMjAiLCJzb2x1b25nIjoxfX19:1ofgis:abz-3tNwK9ILlKIQqg-Pqdhl9ZdNBt3KLPeTYu-rHWY", "expire_date": "2022-10-18T12:08:30.948Z"}}, {"model": "sessions.session", "pk": "uy8ky67xp11z7iv3otr9ehmj6tbyxj0m", "fields": {"session_data": ".eJxVjMsOgyAQRf-FdUNGHhVcdu83EGCGam0gEV00xn-vJm7c3nPO3VilWseS3UQ_1m37gzm_LoNbK81uRNaxJ7ttwceJ8gnw4_O78FjyMo-Bnwq_aOV9Qfq-Lvd2MPg6HHVjYyvJJNUCUAJtUUrTeCGD0EqjJmWNImhRBC8oGGtBYASbjgySMmz_Az3RPZ8:1oiaMK:bEUwLgUNLQKeKWAZiCGoC1IsMMwAgfrK-DRgaNrRwK8", "expire_date": "2022-10-26T11:57:12.488Z"}}, {"model": "sessions.session", "pk": "uz03wpjpcrf5xpugfxpoof4q60j4axbg", "fields": {"session_data": ".eJxVjDsOgzAQBe-ydWT5g7FNmT5nsNbsEgiRLWEoIsTdIyQa2jczb4fKtU4lx5l_0O3HAyJu6xi3ykucCDpwcNsS9jPnE9AH87uIvuR1mZI4FXHRKl6F-Pu83NvBiHU866Z3ZBOjHhQF0kZpjZrRBI8qSWbXejSkvfQhSYWBQzs0tlE2sPUG4fgDa40-JA:1ojCPL:ZzUt3AwrqoV1-abIcwqOrpWYu9ksTQMmQjoGYC_UxV4", "expire_date": "2022-10-28T04:34:51.091Z"}}, {"model": "sessions.session", "pk": "vauo38lx1jgra408uj08ylpifbp3gdfg", "fields": {"session_data": "eyJzZXNzaW9uX2tleSI6e319:1ofHlv:7MPpcK91BxCs6shZc16yn_AJB_sdrAgM8u2B_rC2gKg", "expire_date": "2022-10-17T09:29:59.598Z"}}, {"model": "sessions.session", "pk": "vzvxvx5h4n5ugv65h85s9z8qh98pwhob", "fields": {"session_data": ".eJxdzDEOgzAMBdC7eK6iJITSMHbvGVBiO0CpkorAUCHuXiJ1oR7-4P_sDTLnPKbYTfyBdoO6xHsekaEFZYWWcIGcXmuKPbRqv0BzErKMkH_qYJ1bl6FbM8_dSEXCaecdThxLQU8X-yQwxWUevShE_NosHon4df_Z04PB5eG4tsFSQPboG-mdUbcasamDRDbBaqxUVUnybHRAg-5qCZFIVUS61oGNg_0LLQtTjQ:1ollxZ:KU4tM4wNHMzt-zhBxdDjU7tJGQUFSSiWY9D8kkx9rs4", "expire_date": "2022-11-04T06:56:49.602Z"}}, {"model": "sessions.session", "pk": "w57ornpgzt2ki8sj9gk4xbc8gqq4dapo", "fields": {"session_data": "eyJzZXNzaW9uX2tleSI6eyI0Ijp7InByaWNlIjoiNzkwMDAiLCJzb2x1b25nIjoxfX19:1qCzKk:N4xfgmfGd03BDOo8NAcpIGCSDlyWG2mTf4U2rsIJAb0", "expire_date": "2023-07-08T09:13:30.499Z"}}, {"model": "sessions.session", "pk": "wugtwpo3wp5fawpkaoji6mtom06s1nk5", "fields": {"session_data": ".eJyrVipOLS7OzM-Lz06tVLKqVjIFEQVFmcmpSlZKhpZ6RgZKOkrF-Tml-XnpSlZGtTpKRigqTPWMjJFVGNbW1gIAdKcZ_A:1ofgsU:RfjfkCC95b1dTbXSgNBxtJLGsReMBtEMlyKp9XIo2M0", "expire_date": "2022-10-18T12:18:26.665Z"}}, {"model": "sessions.session", "pk": "x9ze9z2v6invzamfqr5h3fpiqdlal2op", "fields": {"session_data": "eyJzZXNzaW9uX2tleSI6eyI1Ijp7InByaWNlIjoiMTkuMjAiLCJzb2x1b25nIjoxfX19:1ofJM9:dU9frYSEKRevfqw_pdvK-RmWUM6TgaGec7q5_Nj_xnA", "expire_date": "2022-10-17T11:11:29.813Z"}}, {"model": "sessions.session", "pk": "yrcnycgs7k9z2ny501ah11r6wqz7tfdh", "fields": {"session_data": ".eJyrVipOLS7OzM-Lz06tVLKqVjIFEQVFmcmpSlZKhpZ6RgZKOkrF-Tml-XnpSlYmtTpKxsgqjA30DFBUGNXW1gIAdIgZ-A:1ofcce:9SmLI9pFUPakTqdr407FwyNxAhfs8kyVQLP8KZF7tTw", "expire_date": "2022-10-18T07:45:48.561Z"}}, {"model": "sessions.session", "pk": "ywsjaenhoongox7dl62tjgiyy6wrrrvw", "fields": {"session_data": "eyJzZXNzaW9uX2tleSI6e319:1ojCW6:lpdCE_yb7vCUS1XNTgHC9CSmZCAeftoPLDtOMkq5re4", "expire_date": "2022-10-28T04:41:50.206Z"}}, {"model": "sessions.session", "pk": "zhg59de49qp72ak9l1cg7st3l6wqaw2l", "fields": {"session_data": ".eJxVjEEOgjAQRe8ya9MwpU7FpXvP0EzbqSCmTSgsDOHuSsKG7X_v_RWq1DqU7Eb5wn3dLuB4mXu3VJncEOEOiHAaPYdR8k7im_OrqFDyPA1e7Yo6aFXPEuXzONzTQc-1_9faiLWWWybfpOCx8cHQNRJGS6SlYQqJpEV9M8TJGOkwaExt5M5o6Ri2H4CzPnU:1ojCYX:sZ7CfDj_iLIlbaoLqjxSm22oeqA1sJW3B1LMB5NcsS8", "expire_date": "2022-10-28T04:44:21.702Z"}}, {"model": "sessions.session", "pk": "zr26jsuea2uidla0uh4q0t7nv6lt8omt", "fields": {"session_data": "eyJzZXNzaW9uX2tleSI6e319:1qWZ7I:iEyNP0YsXnI3SoxTP4a_45R6lmnltHSb0WpkvKT87w8", "expire_date": "2023-08-31T09:16:32.756Z"}}, {"model": "store.user", "pk": 1, "fields": {"password": "pbkdf2_sha256$260000$rb2qWU6n2rNZ180Pvd6K9T$Ua6KSfkPXdEw9Cqri7stFaTx4ybfsiAsaCXYiN70nN8=", "last_login": "2023-10-05T07:17:19.630Z", "is_superuser": true, "username": "admin", "first_name": "Trí", "last_name": "Thạch", "is_staff": true, "is_active": true, "date_joined": "2022-09-26T06:17:32.031Z", "email": "tri@ou.edu.vn", "avatar": "", "phone_number": "0853789410", "address_1": "11A Hoàng Văn Thụ", "address_2": "", "groups": [], "user_permissions": []}}, {"model": "store.user", "pk": 2, "fields": {"password": "pbkdf2_sha256$260000$tQzW05R3Bczpo06DoC6Wso$yNvxfAj4OxoM3LhfVSWJejW/RKb9+jbzhj2b5OgmqDE=", "last_login": "2023-09-22T07:37:26.940Z", "is_superuser": true, "username": "trithien", "first_name": "", "last_name": "", "is_staff": true, "is_active": true, "date_joined": "2022-10-11T09:37:43.910Z", "email": "thientri@gmail.com", "avatar": "", "phone_number": "0853789410", "address_1": "", "address_2": "", "groups": [], "user_permissions": []}}, {"model": "store.user", "pk": 3, "fields": {"password": "pbkdf2_sha256$260000$U6HwuMP7W2a2g0l55XMYS6$sUNDZVIm9rIjleRh0Z2N9ub/+lh5nGIwj1HLP588q9A=", "last_login": null, "is_superuser": false, "username": "tri123456", "first_name": "", "last_name": "", "is_staff": false, "is_active": false, "date_joined": "2022-10-12T10:19:03.705Z", "email": "tri@yahoo.com", "avatar": "", "phone_number": "", "address_1": "", "address_2": "", "groups": [], "user_permissions": []}}, {"model": "store.user", "pk": 4, "fields": {"password": "pbkdf2_sha256$260000$fQU29xmiQ7ZYXjPxlblWGK$tqzCwhzRtfQze0P3ZtanhI7aPcKXO4d7rXtTGYpabsc=", "last_login": null, "is_superuser": false, "username": "test123456", "first_name": "", "last_name": "", "is_staff": false, "is_active": false, "date_joined": "2022-10-12T10:20:50.991Z", "email": "tri@yahoo.com.vn", "avatar": "", "phone_number": "", "address_1": "", "address_2": "", "groups": [], "user_permissions": []}}, {"model": "store.user", "pk": 5, "fields": {"password": "pbkdf2_sha256$260000$WFRQYV4O5xBq79Vx3EySK6$9UYceowGyV5QBqKmXB4nUNZ/vL+/T6hazUKlzfKL8B8=", "last_login": null, "is_superuser": false, "username": "xinchao1", "first_name": "", "last_name": "", "is_staff": false, "is_active": false, "date_joined": "2022-10-12T10:26:12.636Z", "email": "xin@gmail.com", "avatar": "", "phone_number": "", "address_1": "", "address_2": "", "groups": [], "user_permissions": []}}, {"model": "store.user", "pk": 6, "fields": {"password": "pbkdf2_sha256$260000$jMdEbe1QlvRYUNzjpPj0ne$c/NnUTNVdqtEzmCwQcdPvAoccIsgpd/Pwr+tZtpF0bE=", "last_login": "2022-10-12T11:57:12.392Z", "is_superuser": false, "username": "thientri1", "first_name": "", "last_name": "", "is_staff": false, "is_active": true, "date_joined": "2022-10-12T11:55:59.822Z", "email": "thientri1@gmail.com", "avatar": "", "phone_number": "", "address_1": "", "address_2": "", "groups": [], "user_permissions": []}}, {"model": "store.user", "pk": 7, "fields": {"password": "pbkdf2_sha256$260000$clQIO1onAgZjw9fuZIBMVS$sDDRyXM/itCbMOvGchDqjIWh67XA4QfTZGaP9vGXe3M=", "last_login": "2022-10-14T04:34:50.986Z", "is_superuser": false, "username": "thientri2", "first_name": "", "last_name": "", "is_staff": false, "is_active": true, "date_joined": "2022-10-14T04:34:30.413Z", "email": "thientri2@gmail.com", "avatar": "", "phone_number": "", "address_1": "", "address_2": "", "groups": [], "user_permissions": []}}, {"model": "store.user", "pk": 8, "fields": {"password": "pbkdf2_sha256$260000$buKCb3cCzvDc1BN8dFaKBH$tTCISjNgyg62VIj2F5gfpyU8DLCwilKMBIY+cYfN8VQ=", "last_login": null, "is_superuser": false, "username": "thientri3", "first_name": "", "last_name": "", "is_staff": false, "is_active": false, "date_joined": "2022-10-14T04:36:43.000Z", "email": "thientri3@gmail.com", "avatar": "", "phone_number": "", "address_1": "", "address_2": "", "groups": [], "user_permissions": []}}, {"model": "store.user", "pk": 9, "fields": {"password": "pbkdf2_sha256$260000$tTG3qhwnvwr4i5fRuNA6xW$Q5/9gmX1qz3ITO4yrGwzDYL2A9x8DsnqqU45RQ0cqrc=", "last_login": null, "is_superuser": false, "username": "thientri4", "first_name": "", "last_name": "", "is_staff": false, "is_active": false, "date_joined": "2022-10-14T04:38:32.687Z", "email": "thientri4@gmail.com", "avatar": "", "phone_number": "", "address_1": "", "address_2": "", "groups": [], "user_permissions": []}}, {"model": "store.user", "pk": 10, "fields": {"password": "pbkdf2_sha256$260000$oKGZ5DZRUPWypGRAaXGCiM$u8ZMLpHQTPaQ1UREXS1Y1wy+Kl+u0WOQT7vzq85vV4E=", "last_login": null, "is_superuser": false, "username": "thientri5", "first_name": "", "last_name": "", "is_staff": false, "is_active": false, "date_joined": "2022-10-14T04:42:01.919Z", "email": "thientri5@gmail.com", "avatar": "", "phone_number": "", "address_1": "", "address_2": "", "groups": [], "user_permissions": []}}, {"model": "store.user", "pk": 11, "fields": {"password": "pbkdf2_sha256$260000$nQRMGdrEI9J5Zk87S0J0FO$zYOGv8CZ6K9FYhVD/b6b1KTHYU7uXdz+sjLFicKBkT8=", "last_login": "2023-09-15T14:19:32.023Z", "is_superuser": false, "username": "thientri6", "first_name": "Trí", "last_name": "Thạch", "is_staff": false, "is_active": true, "date_joined": "2022-10-14T04:44:10Z", "email": "thientri6@gmail.com", "avatar": "user_images/39.JPG", "phone_number": "", "address_1": "", "address_2": "", "groups": [], "user_permissions": []}}, {"model": "store.user", "pk": 12, "fields": {"password": "pbkdf2_sha256$260000$RnOL2hkXiB1TDKUJEzUGuT$KkGO2xAD6Je+gzz6NpyqTNvXVbxNxClVWM1LSbAfA/A=", "last_login": "2022-10-14T06:20:16.772Z", "is_superuser": false, "username": "thientri8", "first_name": "", "last_name": "", "is_staff": false, "is_active": true, "date_joined": "2022-10-14T06:20:01.522Z", "email": "thientri8@gmail.com", "avatar": "", "phone_number": "", "address_1": "", "address_2": "", "groups": [], "user_permissions": []}}, {"model": "store.user", "pk": 21, "fields": {"password": "pbkdf2_sha256$260000$zUXLRiNtaAT7JjUB9dQ2zD$rShT3YxAP6oCGGq+ENH81uKTKabKWG7gLutoZQu1KrU=", "last_login": "2023-09-30T05:22:01.845Z", "is_superuser": false, "username": "somename", "first_name": "", "last_name": "", "is_staff": false, "is_active": true, "date_joined": "2023-09-28T08:52:44.915Z", "email": "1951012145tri@ou.edu.vn", "avatar": "", "phone_number": "", "address_1": "", "address_2": "", "groups": [], "user_permissions": []}}, {"model": "store.category", "pk": 1, "fields": {"title": "Kem dưỡng ẩm", "slug": "kemduongam"}}, {"model": "store.category", "pk": 2, "fields": {"title": "Sữa rửa mặt", "slug": "suaruamat"}}, {"model": "store.category", "pk": 3, "fields": {"title": "Kem chống nắng", "slug": "kemchongnang"}}, {"model": "store.category", "pk": 4, "fields": {"title": "Serum dưỡng ẩm", "slug": "serumduongam"}}, {"model": "store.category", "pk": 5, "fields": {"title": "Nước hoa hồng", "slug": "toner"}}, {"model": "store.category", "pk": 6, "fields": {"title": "Tẩy tế bào chết", "slug": "taytebaochet"}}, {"model": "store.category", "pk": 7, "fields": {"title": "Nước tẩy trang", "slug": "nuoctaytrang"}}, {"model": "store.category", "pk": 8, "fields": {"title": "Mặt nạ", "slug": "matna"}}, {"model": "store.product", "pk": 1, "fields": {"category": 1, "created_by": 1, "title": "Gel Rửa Mặt La Roche-Posay Dành Cho Da Dầu, Nhạy Cảm 400ml Effaclar Purifying Foaming Gel", "slug": "gel_ruamat_lapocherosay", "image": "product_images/facebook-dynamic-gel-rua-mat-la-roche-posay-cho-da-dau-nhay-cam-400ml-166_d3osVin.jpg", "description": "Gel Rửa Mặt La Roche-Posay Effaclar Purifying Foaming Gel For Oily Sensitive Skin là dòng sản phẩm sữa rửa mặt chuyên biệt dành cho làn da dầu, mụn, nhạy cảm đến từ thương hiệu dược mỹ phẩm La Roche-Posay nổi tiếng của Pháp, với kết cấu dạng gel tạo bọt nhẹ nhàng giúp loại bỏ bụi bẩn, tạp chất và bã nhờn dư thừa trên da hiệu quả, mang đến làn da sạch mịn, thoáng nhẹ và tươi mát. Công thức sản phẩm an toàn, lành tính, giảm thiểu tình trạng kích ứng đối với làn da nhạy cảm.", "created": "2022-09-27T12:21:11.970Z", "updated": "2022-10-22T17:52:28.938Z", "is_active": true, "in_stock": true, "price": "420000", "old_price": "560000"}}, {"model": "store.product", "pk": 2, "fields": {"category": 4, "created_by": 1, "title": "Tinh Chất Balance Active Formula Cấp Ẩm, Mờ Nếp Nhăn 30ml Hyaluronic + Ceramide Serum", "slug": "serum_balance", "image": "product_images/tinh-chat-balance-active-formula-cap-am-mo-nep-nhan-30ml-3-1651553474_img_njQ9SsR.jpg", "description": "Tinh Chất Cấp Ẩm, Mờ Nếp Nhăn Balance Active Formula là sản phẩm tinh chất đến từ thương hiệu mỹ phẩm Balance Active Formula của Anh Quốc. Cấp ẩm chuyên sâu và phục hồi da sau 7 ngày với tinh chất Balance 2% Hyaluronic Acid + 3% Ceramides Double Booster, kết hợp hoàn hảo từ hai hoạt chất tự nhiên thiết yếu để nâng tầm làn da của bạn.", "created": "2022-09-28T08:10:43.897Z", "updated": "2022-10-22T18:28:39.718Z", "is_active": true, "in_stock": true, "price": "238000", "old_price": "300000"}}, {"model": "store.product", "pk": 3, "fields": {"category": 1, "created_by": 1, "title": "Essence Chống Nắng Bioré Màng Nước Dưỡng Ẩm Da 50g UV Aqua Essence SPF50+/PA++++", "slug": "essence_cn_biore", "image": "product_images/essence-chong-nang-biore-mang-nuoc-duong-am-da-50g_img_380x380_64adc6_fit_center.jpg", "description": "Essence Chống Nắng Bioré Màng Nước Dưỡng Ẩm Da UV Aqua Rich Watery Essence SPF50+/PA++++ là dòng sản phẩm chống nắng đến từ thương hiệu mỹ phẩm Bioré thuộc tập đoàn KAO của Nhật Bản. Sản phẩm ứng dụng công nghệ độc quyền đầu tiên trên thế giới \"Micro Defense - Màng chắn vi điểm\" mang đến hiệu quả chống nắng hoàn hảo mà không gây bết dính, ngăn tia UV tối ưu đồng thời tạo cảm giác siêu thoáng nhẹ trên da. Đặc biệt với kết cấu dạng essence màng nước trong suốt dễ dàng tán đều, thẩm thấu nhanh chóng, giúp tạo cảm giác tươi mát cùng làn da ẩm mịn mượt mà như lụa.", "created": "2022-09-28T08:11:23.975Z", "updated": "2022-10-22T17:45:23.462Z", "is_active": true, "in_stock": true, "price": "138000", "old_price": "180000"}}, {"model": "store.product", "pk": 4, "fields": {"category": 3, "created_by": 1, "title": "Sữa Chống Nắng Bioré Sáng Mịn Kiềm Dầu SPF 50+/PA++++ 30ml UV Face Milk", "slug": "kcn_biore", "image": "product_images/sua-chong-nang-biore-sang-min-kiem-dau-spf-50-pa-30ml-1_img_380x380_64adc_NL6jj27.jpg", "description": "Các nàng da dầu thường ngại thoa chống nắng vì không thích cảm giác nhờn, bí rít mà kem chống nắng mang lại. Ngoài ra, khi mồ hôi ra thì sẽ rửa trôi khiến kem chống nắng không còn tác dụng nên nhiều nàng bỏ qua bước bảo vệ da cực kì quan trọng này luôn. Vậy thì Sữa Chống Nắng Sáng Mịn Kiềm Dầu Face Milk SPF50+/PA++++ của Bioré – một sản phẩm chống nắng chuyên dụng dành cho các cô nàng da dầu chính là lựa chọn bạn không thể nào bỏ qua.", "created": "2022-09-28T08:11:53.237Z", "updated": "2022-10-22T17:43:22.982Z", "is_active": true, "in_stock": true, "price": "79000", "old_price": "95000"}}, {"model": "store.product", "pk": 5, "fields": {"category": 1, "created_by": 1, "title": "Kem Dưỡng Ẩm Eucerin Dịu Nhẹ Cho Da Khô Ráp 50ml Lipo Quite Balance", "slug": "kemduongameucerin", "image": "product_images/facebook-dynamic-kem-duong-am-eucerin-diu-nhe-cho-da-kho-rap-50ml_img_300_mzoqNLX.jpg", "description": "Cứu tinh của một làn da khô, thiếu ẩm dẫn đến da bắt đầu xuất hiện những dấu hiệu lão hóa như da mờ xỉn, chảy sệ, xuất hiện vết nhăn chính là kem dưỡng ẩm, và việc chăm sóc da với kem dưỡng ẩm hàng ngày một trong những bước quan trọng để giúp bạn có một làn da mềm mịn và khỏe đẹp. Tại Hasaki, Kem Dưỡng Ẩm Dành Cho Da Khô, Da Nhạy Cảm Eucerin Lipo Balance với thành phần Biotin và Ceramide-3 giúp phục hồi khả năng cân bằng độ ẩm tự nhiên của lớp lipid biểu bì, hỗ trợ hạn chế tình trạng mất nước. Từ đó, giúp kem dưỡng ẩm có thể thấm sâu, bổ sung tối đa độ ẩm giúp phụ hồi da khô mềm mịn và căng sáng.", "created": "2022-09-28T08:12:47.097Z", "updated": "2022-10-22T17:40:46.968Z", "is_active": true, "in_stock": true, "price": "205000", "old_price": "249000"}}, {"model": "store.product", "pk": 6, "fields": {"category": 2, "created_by": 1, "title": "Gel Rửa Mặt Cosrx Tràm Trà, 0.5% BHA Có Độ pH Thấp 150ml Low pH Good Morning Gel Cleanser", "slug": "gelruamatcorx", "image": "product_images/gel-rua-mat-cosrx-tram-tra-0-5-bha-co-do-ph-thap-150ml-1_img_380x380_64ad_cl8fbAH.jpg", "description": "Gel Rửa Mặt Cosrx Tràm Trà, 0.5% BHA Có Độ pH Thấp 150ml là dòng sữa rửa mặt đến từ thương hiệu mỹ phẩm Cosrx của Hàn Quốc, với độ pH lý tưởng 4.5 - 5.5 sản phẩm an toàn và dịu nhẹ trên mọi làn da ngay cả làn da nhạy cảm và da mụn. Gel rửa mặt chứa 0,5% BHA tự nhiên và chiết xuất tràm trà làm sạch sâu lỗ chân lông, hỗ trợ kháng khuẩn, làm sạch mụn đồng thời tẩy da chết nhẹ nhàng.", "created": "2022-09-28T08:13:34.026Z", "updated": "2022-10-22T17:32:06.779Z", "is_active": true, "in_stock": true, "price": "128000", "old_price": "330000"}}, {"model": "store.product", "pk": 7, "fields": {"category": 2, "created_by": 1, "title": "Sữa Rửa Mặt Senka Dành Cho Da Mụn 100g Perfect Whip Acne Super Care", "slug": "srmsenka", "image": "product_images/sua-rua-mat-senka-danh-cho-da-mun-100g-1-1_img_380x380_64adc6_fit_center.jpg", "description": "Sữa Rửa Mặt Senka Dành Cho Da Mụn là dòng sản phẩm mới ra mắt từ thương hiệu mỹ phẩm Senka nổi tiếng trực thuộc tập đoàn Shiseido Nhật Bản, được thiết kế dành cho những làn da dễ bít tắc lỗ chân lông & dễ nổi mụn, da sống trong điều kiện không khí ô nhiễm ở các thành phố lớn… giúp tạo bọt bông mịn và len lỏi vào da, làm sạch sâu bụi bẩn, bã nhờn bên trong lỗ chân lông, mang lại cho bạn làn da sạch thoáng, hạn chế các tác nhân gây mụn, giảm mụn trong từ 4 tuần sử dụng. \r\n\r\nSenka Perfect Whip Acne Care là dòng sữa rửa mặt đã có 10 năm liên tiếp đạt danh hiệu “Sữa rửa mặt tạo bọt bán chạy nhất Nhật Bản” (2008 - 2018), được rất nhiều phụ nữ Nhật Bản yêu thích và tin dùng nhờ vào khả năng tạo bọt bông mềm, sánh mịn gấp 18 lần so với sữa rửa mặt thông thường, đồng thời sở hữu công nghệ độc quyền “Aqua In Pool” từ tập đoàn Shiseido giúp bảo vệ màng dưỡng ẩm tự nhiên của da. Tiếp nối thành công của dòng sản phẩm sữa rửa mặt tuyệt vời này, thương hiệu Senka đã cho ra mắt phiên bản Sữa Rửa Mặt Senka Perfect Whip Acne Care chuyên biệt dành cho da mụn.\r\n\r\nThành phần sản phẩm\r\nTHÀNH PHẦN ĐẶC TRỊ: KHÁNG VIÊM - NGĂN NGỪA MỤN\r\n\r\nChiết xuất từ Hoa Cúc từ vùng Kyoto, Nhật Bản Một trong những dược liệu cổ truyền của người Nhật, với tác dụng chống vi khuẩn, kháng viêm.\r\n\r\nThành phần SALICYLIC ACID Thuộc nhóm BHA, có khả năng loại bỏ tế bào chết hiệu quả, giúp ngăn chặn tình trạng mụn do bít tắt lỗ chân lông. Salicylic Acid còn giúp loại bỏ lượng dầu thừa trên da và làm ổn định cấu trúc da, kích thích quá trình tái tạo tế bào da mới mịn màng và rạng rỡ hơn.\r\n\r\nChiết xuất Tơ tằm trắng & Gấp đôi Hyaluronic acid kết hợp với công nghệ dưỡng ẩm độc quyền từ Shiseido bảo vệ màn ẩm tự nhiên của da, mang lại hiệu quả dưỡng ẩm chuyên sâu, giúp da mềm và ẩm mịn sau rửa mặt.", "created": "2022-09-29T07:27:40.069Z", "updated": "2022-10-22T17:34:11.299Z", "is_active": true, "in_stock": true, "price": "66000", "old_price": "112000"}}, {"model": "store.product", "pk": 8, "fields": {"category": 3, "created_by": 1, "title": "Kem Chống Nắng La Roche-Posay Không Màu Kiểm Soát Dầu 15ml Anthelios Anti-Shine Dry Touch Gel", "slug": "kcn_larocheposay_50ml", "image": "product_images/google-shopping-kem-chong-nang-la-roche-posay-khong-mau-kiem-soat-dau-15m_5T0yK62.jpg", "description": "Kem Chống Nắng La Roche-Posay Anthelios Anti-Shine Gel-Cream Dry Touch Finish Mattifying Effect SPF50+ đến từ thương hiệu dược mỹ phẩm La Roche-Posay là sản phẩm kem chống nắng dành cho làn da dầu mụn, sở hữu công nghệ cải tiến XL-Protect cùng kết cấu kem gel dịu nhẹ & không nhờn rít, giúp ngăn ngừa tia UVA/UVB + tia hồng ngoại + tác hại từ ô nhiễm, bảo vệ toàn diện cho làn da luôn khỏe mạnh.", "created": "2022-10-22T17:56:53.177Z", "updated": "2022-10-22T17:57:45.273Z", "is_active": true, "in_stock": true, "price": "175000", "old_price": "225000"}}, {"model": "store.product", "pk": 9, "fields": {"category": 5, "created_by": 1, "title": "Nước Hoa Hồng Some By Mi AHA-BHA-PHA Cho Da Mụn 150ml Miracle Toner AHA-BHA-PHA", "slug": "toner_somebymi", "image": "product_images/facebook-dynamic-nuoc-hoa-hong-some-by-mi-aha-bha-pha-cho-da-mun-150ml-16_fNWXwUR.jpg", "description": "Nước Hoa Hồng SOME BY MI Cho Da Mụn Miracle Toner AHA- BHA-PHA 30 Days 150ml đến từ thương hiệu mỹ phẩm chăm sóc da SOME BY MI là dòng Toner có chứa phức hợp các loại axit cùng chiết xuất Tràm Trà, giúp làm sạch sâu da, hỗ trợ kháng khuẩn, kháng viêm, ngăn ngừa và làm giảm mụn, đồng thời góp phần thu nhỏ lỗ chân lông, mang lại cho bạn làn da sạch thoáng và mịn màng không tì vết.", "created": "2022-10-22T18:00:00.148Z", "updated": "2022-10-22T18:02:36.671Z", "is_active": true, "in_stock": true, "price": "259000", "old_price": "339000"}}, {"model": "store.product", "pk": 10, "fields": {"category": 5, "created_by": 1, "title": "Nước Hoa Hồng So'Natural Cấp Ẩm Cho Mọi Làn Da 250ml Red Peel PH 5.5 Red Water Tonic", "slug": "toner_sonatural", "image": "product_images/facebook-dynamic-nuoc-hoa-hong-so-natural-cap-am-cho-moi-lan-da-250ml-166_AZvCXDC.jpg", "description": "Nước Hoa Hồng So'Natural Cấp Ẩm Cho Mọi Làn Da 250ml là sản phẩm toner đến từ thương hiệu mỹ phẩm So'Natural của Hàn Quốc, chiết xuất từ các thành phần tự nhiên như dâu tằm Ấn Độ, trà xanh và quả chanh giúp cung cấp độ ẩm, hạn chế lượng dầu thừa tiết ra, làm chậm quá trình oxy hoá, dưỡng da đều màu, sáng mịn. Đặc biệt sản phẩm có độ pH 5.5 giúp cân bằng ẩm cho làn da, an toàn thích hợp cho mọi làn da kể cả da nhạy cảm.", "created": "2022-10-22T18:05:09.020Z", "updated": "2022-10-22T18:05:09.020Z", "is_active": false, "in_stock": true, "price": "393000", "old_price": "520000"}}, {"model": "store.product", "pk": 11, "fields": {"category": 6, "created_by": 1, "title": "Tẩy Tế Bào Chết Da Mặt Cocoon Cà Phê Đắk Lắk Siêu Nhẹ Nhàng 150ml", "slug": "taytebaochet_cocoon", "image": "product_images/ca-phe-dak-lak-lam-sach-da-chet-cho-mat-cocoon-150ml-1_img_358x358_843626_xeqWD6B.jpg", "description": "Hạt cà phê Đăk Lăk siêu mịn giúp lấy đi các lớp da chết trên da mà không gây tổn thương, đau rát làn da.\r\n\r\nHạt cà phê tác dụng chống oxi hóa, đặc biệt caffeine trong hạt cà phê giúp da trở nên săn chắc, đều màu, mang lại làn da mềm mại, rạng rỡ và nhiều năng lượng.\r\n\r\nBơ ca cao giàu chất béo có lợi, có khả năng giữ ẩm cao, làm mềm da và cải thiện những vùng da bị chai sần.\r\n\r\nDầu hoa rum chứa hơn 80% omega 6, phục hồi và cân bằng hàng rào tự nhiên của da, giúp da mượt mà và khỏe mạnh hơn.\r\n\r\nVitamin E chiết xuất hoàn toàn từ dầu đậu nành có tác dụng chống oxy hóa tốt, ngăn lão hóa và giúp bảo vệ da khỏi những tác nhân gây oxi hoá từ bên ngoài như tia UV, ô nhiễm môi trường và khói bụi.", "created": "2022-10-22T18:29:50.567Z", "updated": "2022-10-22T18:32:01.323Z", "is_active": true, "in_stock": true, "price": "116000", "old_price": "145000"}}, {"model": "store.product", "pk": 12, "fields": {"category": 6, "created_by": 1, "title": "Dung Dịch Tẩy Da Chết Paula’s Choice BHA 2% 30ml Skin Perfecting 2% BHA Liquid", "slug": "taydachet_paulachoice", "image": "product_images/dung-dich-loai-bo-te-bao-chet-paula-s-choice-bha-2-30ml-1_img_358x358_843_h9L6NTi.jpg", "description": "Chứa nồng độ 2% BHA (Salicylic Acid) là thành phần tẩy tế bào chết hóa học, tan trong dầu và có khả năng thẩm thấu sâu xuống lỗ chân lông để mang lại những hiệu quả tuyệt vời cho da:\r\n\r\nLoại bỏ tế bào chết và các tạp chất tồn đọng, từ đó giảm bít tắc, giúp da trở nên thông thoáng.\r\n\r\nĐiều tiết lượng bã nhờn dư thừa, hỗ trợ thu nhỏ lỗ chân lông.\r\n\r\nCó hoạt tính tương tự như một chất kháng khuẩn, hỗ trợ cải thiện tình trạng mụn trên da, đặc biệt là mụn ẩn và mụn đầu đen.\r\n\r\nLàm đều màu da và làm mờ nếp nhăn sâu.\r\n\r\nBổ sung chiết xuất Trà Xanh giúp làm dịu da, giảm mẩn đỏ và chống oxy hóa, ngăn ngừa tổn thương do gốc tự do.\r\n\r\nCung cấp độ ẩm với các thành phần Methylpropanediol, Butylene Glycol bằng cách tăng hàm lượng nước vào trong các tế bào da, mang lại làn da mịn màng, khỏe mạnh.\r\n\r\nKết cấu dạng lỏng trong suốt, dễ dàng thẩm thấu, không gây bít tắc lỗ chân lông.", "created": "2022-10-22T18:31:32.257Z", "updated": "2022-10-22T18:31:32.258Z", "is_active": true, "in_stock": true, "price": "255000", "old_price": "399000"}}, {"model": "store.product", "pk": 13, "fields": {"category": 7, "created_by": 1, "title": "Nước Tẩy Trang L'Oreal Tươi Mát Cho Da Dầu, Hỗn Hợp 400ml Micellar Water 3-in-1", "slug": "taytrang_loreal", "image": "product_images/facebook-dynamic-nuoc-tay-trang-l-oreal-tuoi-mat-cho-da-dau-hon-hop-400ml_jIwVL1T.jpg", "description": "Nước Tẩy Trang L'Oreal Micellar Water 3-in-1 Deep Cleansing Even For Sensitive Skin với công nghệ đột phá Bi-Phase Micellar mới có hai lớp chất lỏng giúp hòa tan chất bẩn và loại bỏ toàn bộ lớp trang điểm hiệu quả, kể cả lớp trang điểm lâu trôi và không thấm nước chỉ trong một bước. Toàn bộ lớp trang điểm được nhẹ nhàng loại bỏ chỉ trong vòng ba giây mà không cần phải rửa lại với nước hoặc rửa mặt hai bước. Thích hợp cho mọi loại da, an toàn khi sử dụng cho toàn bộ khuôn mặt, kể cả da nhạy cảm và vùng da quanh mắt.", "created": "2022-10-22T18:34:28.348Z", "updated": "2022-10-22T18:34:28.348Z", "is_active": true, "in_stock": true, "price": "148000", "old_price": "209000"}}, {"model": "store.product", "pk": 14, "fields": {"category": 7, "created_by": 1, "title": "Nước Tẩy Trang Bioderma Dành Cho Da Nhạy Cảm 500ml Sensibio H2O", "slug": "taytrang_bioderma", "image": "product_images/facebook-dynamic-nuoc-tay-trang-bioderma-danh-cho-da-nhay-cam-500ml-1_img_2x5APwQ.jpg", "description": "Công nghệ micellar sử dụng các hạt micelles \"thần kì\" tương thích hoàn hảo với lớp lipid tự nhiên của da. Yếu tố cấu thành nên hạt micelle là các ester acid béo, tương tự như cấu trúc lớp phospholipid của màng tế bào da, giúp tái tạo lớp màng hydrolipid của da một cách tự nhiên. Nhờ vào cấu trúc này, các hạt micelle sẽ giúp lấy đi các yếu tố có hại cho làn da như:\r\n\r\n98% bụi siêu mịn khỏi bề mặt da và sâu bên trong lỗ chân lông\r\n\r\n78% kim loại nặng và độc tố gây hại", "created": "2022-10-22T18:37:43.456Z", "updated": "2022-10-22T18:37:43.456Z", "is_active": true, "in_stock": true, "price": "396000", "old_price": "495000"}}, {"model": "store.product", "pk": 15, "fields": {"category": 8, "created_by": 1, "title": "Mặt Nạ BNBG Vitamin B Hỗ Trợ Phục Hồi Da Hư Tổn 30ml Vita Genic Relaxing Jelly Mask", "slug": "matna_vitaminb_bnbg", "image": "product_images/facebook-dynamic-mat-na-bnbg-vitamin-b-ho-tro-phuc-hoi-da-hu-ton-30ml-165_L8RQf1S.jpg", "description": "BNBG Vita Genic Jelly Mask được thiết kế rất bắt mắt và dễ thương. Nhiều bạn còn lầm tưởng mặt nạ này có dạng bột hay hình viên thuốc nữa, nhưng thật ra không phải nhé! Mặt nạ có dạng miếng giấy cotton và kèm theo các loại vitamins và khoáng chất thiết yếu cho làn da với hàm lượng cao lên đến 20000ppm được chiết xuất hoàn toàn từ thiên nhiên. Ngoài ra, mặt nạ còn chứa các tinh chất từ cây, quả thiên nhiên như tinh chất trái cam, lô hội, việt quất... giúp hỗ trợ trong việc tăng sức đề kháng và hỗ trợ trẻ hóa làn da.", "created": "2022-10-22T18:40:28.412Z", "updated": "2022-10-22T18:40:28.412Z", "is_active": true, "in_stock": true, "price": "17000", "old_price": "49000"}}, {"model": "store.order", "pk": 1, "fields": {"user": 1, "full_name": "name", "address1": "add1", "address2": "add2", "city": "", "phone": "", "created": "2022-10-20T07:48:29.046Z", "updated": "2022-10-20T07:48:29.046Z", "total_paid": "19", "order_key": "pi_3LutTyLihTrAeE0z1vfQ55DN_secret_TQ6znm4PLSkm1EGPeS1Fd5p6z", "billing_status": false}}, {"model": "store.order", "pk": 2, "fields": {"user": 1, "full_name": "name", "address1": "add1", "address2": "add2", "city": "", "phone": "", "created": "2022-10-20T07:51:50.990Z", "updated": "2022-10-20T07:51:50.990Z", "total_paid": "58", "order_key": "pi_3LutXILihTrAeE0z0wbx2MN5_secret_TqUXSaOhfvoCAKmFbrgoHnpGO", "billing_status": false}}, {"model": "store.order", "pk": 3, "fields": {"user": 1, "full_name": "name", "address1": "add1", "address2": "add2", "city": "", "phone": "", "created": "2022-10-21T06:26:58.496Z", "updated": "2022-10-21T06:26:58.496Z", "total_paid": "46", "order_key": "pi_3LvEgmLihTrAeE0z0T1dl5kk_secret_lmV6qMHfzNMdxt0MYKLL7U7HN", "billing_status": false}}, {"model": "store.order", "pk": 4, "fields": {"user": 1, "full_name": "full_name", "address1": "add1", "address2": "add2", "city": "", "phone": "", "created": "2022-10-21T07:13:28.584Z", "updated": "2022-10-21T07:13:28.584Z", "total_paid": "0", "order_key": "pi_3LvFPnLihTrAeE0z0Bd4eGj7_secret_jFhTGIwi87PryCVe96YSeAaR6", "billing_status": false}}, {"model": "store.order", "pk": 5, "fields": {"user": 1, "full_name": "name", "address1": "add1", "address2": "add2", "city": "", "phone": "", "created": "2022-10-21T07:36:05.771Z", "updated": "2022-10-21T07:36:05.771Z", "total_paid": "100019", "order_key": "pi_3LvFlgLihTrAeE0z297WllEY_secret_qz7SbeQwn2izIZDfO1sR7qY1T", "billing_status": false}}, {"model": "store.order", "pk": 6, "fields": {"user": 1, "full_name": "0", "address1": "add1", "address2": "add2", "city": "", "phone": "", "created": "2022-10-21T09:03:54.148Z", "updated": "2022-10-21T09:03:54.148Z", "total_paid": "58", "order_key": "pi_3LvH8TLihTrAeE0z1f8ezaQU_secret_6CZICTSoQTKw0VInUut5LCHXF", "billing_status": false}}, {"model": "store.order", "pk": 7, "fields": {"user": 1, "full_name": "0", "address1": "add1", "address2": "add2", "city": "", "phone": "", "created": "2022-10-21T09:36:16.319Z", "updated": "2022-10-21T09:36:16.319Z", "total_paid": "100030", "order_key": "pi_3LvHdxLihTrAeE0z0UbfP5uY_secret_RWNE1R4JJ5p4I9ylhvCmDedhf", "billing_status": false}}, {"model": "store.order", "pk": 8, "fields": {"user": 1, "full_name": "Thạch", "address1": "add1", "address2": "add2", "city": "", "phone": "", "created": "2022-10-21T10:50:20.228Z", "updated": "2022-10-21T10:50:20.228Z", "total_paid": "100061", "order_key": "pi_3LvInOLihTrAeE0z1dVAj6ny_secret_BBgnWjBf945SsodF9NVE6UOlO", "billing_status": false}}, {"model": "store.order", "pk": 9, "fields": {"user": 1, "full_name": "Thạch", "address1": "add1", "address2": "add2", "city": "", "phone": "", "created": "2022-10-21T10:52:44.441Z", "updated": "2022-10-21T10:52:44.441Z", "total_paid": "100061", "order_key": "pi_3LvIpvLihTrAeE0z0ASFDNcP_secret_ZM357v7sMmEqtRj6YeFIVJvQV", "billing_status": false}}, {"model": "store.order", "pk": 10, "fields": {"user": 1, "full_name": "tri", "address1": "add1", "address2": "add2", "city": "", "phone": "", "created": "2022-10-21T10:53:50.283Z", "updated": "2022-10-21T10:53:50.283Z", "total_paid": "100061", "order_key": "pi_3LvIr6LihTrAeE0z2NROtE3V_secret_mF61RfuvUvd8rJxfTzzuXJtAP", "billing_status": false}}, {"model": "store.order", "pk": 11, "fields": {"user": 1, "full_name": "Trí Thạch", "address1": "add1", "address2": "add2", "city": "", "phone": "", "created": "2022-10-21T18:56:27.402Z", "updated": "2022-10-21T18:56:27.402Z", "total_paid": "30", "order_key": "pi_3LvQNgLihTrAeE0z34CvMYKb_secret_jyYlzGblkg5gEnt4B35Yfpfec", "billing_status": true}}, {"model": "store.order", "pk": 12, "fields": {"user": 1, "full_name": "Duy Kha", "address1": "add1", "address2": "add2", "city": "", "phone": "", "created": "2022-10-22T08:48:05.472Z", "updated": "2022-10-22T08:48:05.472Z", "total_paid": "100035", "order_key": "pi_3LvdMdLihTrAeE0z2GGKotXA_secret_Idxveg9ndtwDA7JeG3klYfboN", "billing_status": true}}, {"model": "store.order", "pk": 13, "fields": {"user": 1, "full_name": "Trung Lê", "address1": "11 Hoàng Văn Thụ, phường 15, quận Phú Nhuận", "address2": "", "city": "", "phone": "0853789410", "created": "2022-10-22T10:39:17.988Z", "updated": "2022-10-22T10:39:17.988Z", "total_paid": "90", "order_key": "pi_3Lvf6PLihTrAeE0z1UKciNmg_secret_KKUBUqpulX8p21yNrr3XTwk7t", "billing_status": true}}, {"model": "store.order", "pk": 14, "fields": {"user": 1, "full_name": "Nguyễn Duy Kha", "address1": "55 Nguyễn Thái Sơn, phường 4, Gò Vấp", "address2": "", "city": "", "phone": "096589412", "created": "2022-10-22T18:21:56.708Z", "updated": "2022-10-22T18:21:56.708Z", "total_paid": "3228000", "order_key": "pi_3LvmIJLihTrAeE0z2om9jo11_secret_6IFe2yqt72t1pPa1tc64albMG", "billing_status": true}}, {"model": "store.order", "pk": 15, "fields": {"user": 1, "full_name": "Thiên Trí", "address1": "11 Hoàng Văn Thụ, phường 15, quận Phú Nhuận", "address2": "", "city": "", "phone": "0918440371", "created": "2022-10-24T13:00:04.604Z", "updated": "2022-10-24T13:00:04.604Z", "total_paid": "376000", "order_key": "pi_3LwQFaLihTrAeE0z1i2yDW9j_secret_GgvOme7LvvaqDcc7uvhzHMFmh", "billing_status": true}}, {"model": "store.order", "pk": 16, "fields": {"user": 1, "full_name": "full", "address1": "add1", "address2": "add2", "city": "", "phone": "0853789410", "created": "2023-08-25T09:45:21.689Z", "updated": "2023-08-25T09:45:21.689Z", "total_paid": "138000", "order_key": "a8d6d66c-a397-4162-834f-f6499542c231", "billing_status": false}}, {"model": "store.order", "pk": 17, "fields": {"user": 1, "full_name": "full", "address1": "add1", "address2": "add2", "city": "", "phone": "0853789410", "created": "2023-08-25T09:48:44.122Z", "updated": "2023-08-25T09:48:44.122Z", "total_paid": "138000", "order_key": "069555e2-0f13-4ece-be47-7d4736fd6731", "billing_status": false}}, {"model": "store.order", "pk": 18, "fields": {"user": 1, "full_name": "full", "address1": "add1", "address2": "add2", "city": "", "phone": "0853789410", "created": "2023-08-25T09:49:35.480Z", "updated": "2023-08-25T09:49:35.480Z", "total_paid": "138000", "order_key": "573af750-d676-4025-9b50-647b6745e028", "billing_status": false}}, {"model": "store.order", "pk": 19, "fields": {"user": 1, "full_name": "full", "address1": "add1", "address2": "add2", "city": "", "phone": "0853789410", "created": "2023-08-25T09:52:05.828Z", "updated": "2023-08-25T09:52:05.828Z", "total_paid": "476000", "order_key": "f014e31b-c66a-46d5-b681-6d98324ae29e", "billing_status": false}}, {"model": "store.order", "pk": 20, "fields": {"user": 1, "full_name": "full", "address1": "add1", "address2": "add2", "city": "", "phone": "0853789410", "created": "2023-08-25T09:58:12.623Z", "updated": "2023-08-25T09:58:12.623Z", "total_paid": "476000", "order_key": "1a580cc8-46b8-4a97-9d02-9fa5c5a103fe", "billing_status": false}}, {"model": "store.order", "pk": 21, "fields": {"user": 1, "full_name": "full", "address1": "add1", "address2": "add2", "city": "", "phone": "0853789410", "created": "2023-08-25T09:58:23.172Z", "updated": "2023-08-25T09:58:23.172Z", "total_paid": "476000", "order_key": "8a879579-369f-459f-b1ab-cf99206d9514", "billing_status": false}}, {"model": "store.order", "pk": 22, "fields": {"user": 1, "full_name": "full", "address1": "add1", "address2": "add2", "city": "", "phone": "0853789410", "created": "2023-08-25T10:00:18.695Z", "updated": "2023-08-25T10:00:18.695Z", "total_paid": "476000", "order_key": "68e2a9e0-48a0-4336-8089-2ab87b0eee9d", "billing_status": false}}, {"model": "store.order", "pk": 23, "fields": {"user": 1, "full_name": "full", "address1": "add1", "address2": "add2", "city": "", "phone": "0853789410", "created": "2023-08-25T10:00:31.915Z", "updated": "2023-08-25T10:00:31.915Z", "total_paid": "476000", "order_key": "022989a9-762d-471c-8e9e-54f3ed797b82", "billing_status": false}}, {"model": "store.order", "pk": 24, "fields": {"user": 1, "full_name": "full", "address1": "add1", "address2": "add2", "city": "", "phone": "0853789410", "created": "2023-08-25T10:00:59.664Z", "updated": "2023-08-25T10:00:59.664Z", "total_paid": "476000", "order_key": "a3f5c7ce-1924-4bd3-a474-6b774c117033", "billing_status": false}}, {"model": "store.order", "pk": 25, "fields": {"user": 1, "full_name": "full", "address1": "add1", "address2": "add2", "city": "", "phone": "0853789410", "created": "2023-08-25T10:02:01.306Z", "updated": "2023-08-25T10:02:01.306Z", "total_paid": "476000", "order_key": "fae97042-c6a5-41c0-b96a-e235d16278df", "billing_status": false}}, {"model": "store.order", "pk": 26, "fields": {"user": 1, "full_name": "full", "address1": "add1", "address2": "add2", "city": "", "phone": "0853789410", "created": "2023-08-25T10:04:08.816Z", "updated": "2023-08-25T10:04:08.816Z", "total_paid": "489000", "order_key": "e91f5efd-3718-4553-b967-bd5b956a7f55", "billing_status": false}}, {"model": "store.order", "pk": 27, "fields": {"user": 1, "full_name": "full", "address1": "add1", "address2": "add2", "city": "", "phone": "0853789410", "created": "2023-08-25T10:11:47.842Z", "updated": "2023-08-25T10:11:47.842Z", "total_paid": "489000", "order_key": "745476d9-da84-492f-96a7-bd0846ad6264", "billing_status": false}}, {"model": "store.order", "pk": 28, "fields": {"user": 1, "full_name": "full", "address1": "add1", "address2": "add2", "city": "", "phone": "0853789410", "created": "2023-08-25T10:35:33.004Z", "updated": "2023-08-25T10:35:33.004Z", "total_paid": "566000", "order_key": "cbe7cf29-e44f-4c82-8668-c33e5cf17141", "billing_status": true}}, {"model": "store.order", "pk": 29, "fields": {"user": 1, "full_name": "full", "address1": "add1", "address2": "add2", "city": "", "phone": "0853789410", "created": "2023-08-25T10:40:15.022Z", "updated": "2023-08-25T10:40:15.022Z", "total_paid": "0", "order_key": "d62f1c78-2340-4b5e-a91d-d16f42678471", "billing_status": true}}, {"model": "store.order", "pk": 30, "fields": {"user": 1, "full_name": "full", "address1": "add1", "address2": "add2", "city": "", "phone": "0853789410", "created": "2023-08-30T10:18:10.917Z", "updated": "2023-08-30T10:18:10.918Z", "total_paid": "786000", "order_key": "2c0b174a-c06f-4d63-856f-40c0d7e882f8", "billing_status": true}}, {"model": "store.order", "pk": 31, "fields": {"user": 1, "full_name": "full", "address1": "add1", "address2": "add2", "city": "", "phone": "0853789410", "created": "2023-08-30T11:11:59.908Z", "updated": "2023-08-30T11:11:59.908Z", "total_paid": "238000", "order_key": "6104f4b7-1101-4834-9726-a577ba8b1b3d", "billing_status": true}}, {"model": "store.order", "pk": 57, "fields": {"user": 1, "full_name": "full", "address1": "add1", "address2": "add2", "city": "", "phone": "0853789410", "created": "2023-09-18T13:59:55.159Z", "updated": "2023-09-18T13:59:55.159Z", "total_paid": "1240000", "order_key": "136d9bde-8bb1-4025-83eb-a087786dd963", "billing_status": true}}, {"model": "store.order", "pk": 58, "fields": {"user": 1, "full_name": "full", "address1": "add1", "address2": "add2", "city": "", "phone": "0853789410", "created": "2023-09-18T14:45:59.991Z", "updated": "2023-09-18T14:45:59.991Z", "total_paid": "512000", "order_key": "cdd6a8fd-ac5f-4627-9bf5-4c6c02aa1be7", "billing_status": true}}, {"model": "store.order", "pk": 59, "fields": {"user": 1, "full_name": "full", "address1": "add1", "address2": "add2", "city": "", "phone": "0853789410", "created": "2023-09-19T07:11:20.671Z", "updated": "2023-09-19T07:11:20.671Z", "total_paid": "1311000", "order_key": "0f9cb90e-bf2e-4a44-8dec-930491c9dd39", "billing_status": true}}, {"model": "store.order", "pk": 60, "fields": {"user": 1, "full_name": "full", "address1": "add1", "address2": "add2", "city": "", "phone": "0853789410", "created": "2023-09-19T07:16:36.709Z", "updated": "2023-09-19T07:16:36.709Z", "total_paid": "1032000", "order_key": "0e6b317d-8607-4a9e-b469-f760165744c6", "billing_status": true}}, {"model": "store.order", "pk": 61, "fields": {"user": 1, "full_name": "full", "address1": "add1", "address2": "add2", "city": "", "phone": "0853789410", "created": "2023-09-07T00:00:00Z", "updated": "2023-09-19T07:17:38.265Z", "total_paid": "136000", "order_key": "86991b02-5d99-4fa6-b238-df2ea026f943", "billing_status": true}}, {"model": "store.order", "pk": 62, "fields": {"user": 1, "full_name": "full", "address1": "add1", "address2": "add2", "city": "", "phone": "0853789410", "created": "2023-09-03T00:00:00Z", "updated": "2023-09-19T08:07:24.734Z", "total_paid": "1041000", "order_key": "cc7a4c56-aecc-4d1a-81dd-b20c708ff147", "billing_status": true}}, {"model": "store.order", "pk": 63, "fields": {"user": 1, "full_name": "full", "address1": "add1", "address2": "add2", "city": "", "phone": "0853789410", "created": "2023-09-01T00:00:00Z", "updated": "2023-09-19T08:08:00.444Z", "total_paid": "568000", "order_key": "f47d89a1-6ad2-4bf6-a2e8-1a7887568c88", "billing_status": true}}, {"model": "store.order", "pk": 64, "fields": {"user": 1, "full_name": "full_name", "address1": "address", "address2": "add2", "city": "", "phone": "0853789410", "created": "2023-09-19T10:37:09.196Z", "updated": "2023-09-19T10:37:09.196Z", "total_paid": "786000", "order_key": "13619f5c-7e6a-47de-a5be-079e5a4f95c2", "billing_status": true}}, {"model": "store.order", "pk": 65, "fields": {"user": 1, "full_name": "full_name", "address1": "address", "address2": "add2", "city": "", "phone": "0853789410", "created": "2023-09-19T10:40:57.167Z", "updated": "2023-09-19T10:40:57.167Z", "total_paid": "350000", "order_key": "fe8b1fc2-8e9a-4a9f-8fa3-6d43fdf2b6b6", "billing_status": true}}, {"model": "store.order", "pk": 66, "fields": {"user": 1, "full_name": "Nguyễn Duy Kha", "address1": "Tân Phong, Long Khánh", "address2": null, "city": "", "phone": "0123456710", "created": "2023-09-19T11:02:01.350Z", "updated": "2023-09-19T11:02:01.350Z", "total_paid": "0", "order_key": "1f2ea86a-b451-4a2c-8d63-463d6a2ed901", "billing_status": false}}, {"model": "store.order", "pk": 67, "fields": {"user": 1, "full_name": "Nguyễn Duy Kha", "address1": "Tân Phong, Long Khánh", "address2": null, "city": "", "phone": "0123456789", "created": "2023-09-19T11:03:50.237Z", "updated": "2023-09-19T11:03:50.237Z", "total_paid": "0", "order_key": "70ca752d-b60f-44a1-94ee-089f255cbf85", "billing_status": false}}, {"model": "store.order", "pk": 68, "fields": {"user": 1, "full_name": "Nguyễn Duy Kha", "address1": "Tân Phong, Long Khánh", "address2": null, "city": "", "phone": "0123456789", "created": "2023-09-19T11:06:08.792Z", "updated": "2023-09-19T11:06:08.792Z", "total_paid": "0", "order_key": "4b967e07-4ac5-45d3-b23c-081905230d60", "billing_status": false}}, {"model": "store.order", "pk": 69, "fields": {"user": 1, "full_name": "Nguyễn Duy Kha", "address1": "Tân Phong, Long Khánh", "address2": null, "city": "", "phone": "0123456789", "created": "2023-09-19T11:06:14.864Z", "updated": "2023-09-19T11:06:14.864Z", "total_paid": "0", "order_key": "5b8a94f0-6275-4ec9-8b94-77e609ec91ef", "billing_status": false}}, {"model": "store.order", "pk": 70, "fields": {"user": 1, "full_name": "Thạch Thiên Trí", "address1": "Xuân Trung", "address2": null, "city": "", "phone": "0123456710", "created": "2023-09-19T11:11:30.556Z", "updated": "2023-09-19T11:11:30.556Z", "total_paid": "0", "order_key": "fd83c3c6-2fc8-4cb7-a5fd-60bc64ed34df", "billing_status": true}}, {"model": "store.order", "pk": 71, "fields": {"user": 1, "full_name": "Thạch Thiên Trí", "address1": "Xuân Trung, Long Khánh", "address2": null, "city": "", "phone": "0918440371", "created": "2023-09-19T11:14:00.658Z", "updated": "2023-09-19T11:14:00.658Z", "total_paid": "0", "order_key": "c1a5ab53-bbb9-4629-9fd9-d2a43497dd4e", "billing_status": false}}, {"model": "store.order", "pk": 72, "fields": {"user": 1, "full_name": "Thạch Thiên Trí", "address1": "Xuân Trung, Long Khánh", "address2": null, "city": "", "phone": "0918440371", "created": "2023-09-19T11:15:06.288Z", "updated": "2023-09-19T11:15:06.288Z", "total_paid": "1177000", "order_key": "c7ec40bf-3432-40af-b6c2-0c805b1f0784", "billing_status": true}}, {"model": "store.order", "pk": 73, "fields": {"user": 1, "full_name": "Nguyễn Văn A", "address1": "11A Hoàng Văn Thụ, TP.HCM", "address2": null, "city": "", "phone": "01124567890", "created": "2023-09-28T13:52:14.493Z", "updated": "2023-09-28T13:52:14.493Z", "total_paid": "0", "order_key": "7fbc8335-20b9-46cd-ad32-a67e4c28b4e9", "billing_status": false}}, {"model": "store.order", "pk": 74, "fields": {"user": 1, "full_name": "Thach Thien Tri", "address1": "11A Hoàng Văn Thụ", "address2": null, "city": "", "phone": "0853789410", "created": "2023-09-30T06:26:09.584Z", "updated": "2023-09-30T06:26:09.584Z", "total_paid": "786000", "order_key": "dc65fd3c-a405-4587-a9cd-a525c92962ea", "billing_status": true}}, {"model": "store.order", "pk": 75, "fields": {"user": 1, "full_name": "Thach Thien Tri", "address1": "11A Hoàng Văn Thụ", "address2": null, "city": "", "phone": "0853789410", "created": "2023-09-30T07:14:57.521Z", "updated": "2023-09-30T07:14:57.522Z", "total_paid": "1179000", "order_key": "44361e79-67db-4cc5-8509-48f94b33816d", "billing_status": true}}, {"model": "store.order", "pk": 76, "fields": {"user": 1, "full_name": "Thach Thien Tri", "address1": "11A Hoàng Văn Thụ", "address2": null, "city": "", "phone": "0918440371", "created": "2023-09-30T07:17:15.365Z", "updated": "2023-09-30T07:17:15.365Z", "total_paid": "1179000", "order_key": "2545c46b-5fca-48ef-b65f-1c45481a413b", "billing_status": true}}, {"model": "store.order", "pk": 77, "fields": {"user": 1, "full_name": "Thạch Thiên Trí", "address1": "11A Hoàng Văn Thụ", "address2": null, "city": "", "phone": "0853789410", "created": "2023-10-05T06:45:38.322Z", "updated": "2023-10-05T06:45:38.322Z", "total_paid": "0", "order_key": "2f170f01-f56b-42a1-b42a-2318896d98b9", "billing_status": false}}, {"model": "store.order", "pk": 78, "fields": {"user": 1, "full_name": "Thạch Thiên Trí", "address1": "11A Hoàng Văn Thụ", "address2": null, "city": "", "phone": "0853789410", "created": "2023-10-05T06:51:31.880Z", "updated": "2023-10-05T06:51:31.880Z", "total_paid": "0", "order_key": "1f392bf5-5c56-4a02-845a-e8c3d3ddbfd4", "billing_status": false}}, {"model": "store.order", "pk": 79, "fields": {"user": 1, "full_name": "Nguyễn Duy Kha ", "address1": "11A Hoàng Văn Thụ", "address2": null, "city": "", "phone": "01253789410", "created": "2023-10-05T06:52:28.608Z", "updated": "2023-10-05T06:52:28.608Z", "total_paid": "410000", "order_key": "4b32d101-221d-4533-97bb-387bb11f2e22", "billing_status": true}}, {"model": "store.orderitem", "pk": 1, "fields": {"order": 1, "product": 5, "price": "19.20", "quantity": 1}}, {"model": "store.orderitem", "pk": 2, "fields": {"order": 2, "product": 5, "price": "19.20", "quantity": 3}}, {"model": "store.orderitem", "pk": 3, "fields": {"order": 3, "product": 3, "price": "30.00", "quantity": 1}}, {"model": "store.orderitem", "pk": 4, "fields": {"order": 3, "product": 1, "price": "15.50", "quantity": 1}}, {"model": "store.orderitem", "pk": 5, "fields": {"order": 5, "product": 5, "price": "19.20", "quantity": 1}}, {"model": "store.orderitem", "pk": 6, "fields": {"order": 5, "product": 7, "price": "100000.00", "quantity": 1}}, {"model": "store.orderitem", "pk": 7, "fields": {"order": 6, "product": 5, "price": "19.20", "quantity": 3}}, {"model": "store.orderitem", "pk": 8, "fields": {"order": 7, "product": 7, "price": "100000.00", "quantity": 1}}, {"model": "store.orderitem", "pk": 9, "fields": {"order": 7, "product": 3, "price": "30.00", "quantity": 1}}, {"model": "store.orderitem", "pk": 10, "fields": {"order": 8, "product": 7, "price": "100000.00", "quantity": 1}}, {"model": "store.orderitem", "pk": 11, "fields": {"order": 8, "product": 3, "price": "30.00", "quantity": 1}}, {"model": "store.orderitem", "pk": 12, "fields": {"order": 8, "product": 1, "price": "15.50", "quantity": 2}}, {"model": "store.orderitem", "pk": 13, "fields": {"order": 9, "product": 7, "price": "100000.00", "quantity": 1}}, {"model": "store.orderitem", "pk": 14, "fields": {"order": 9, "product": 3, "price": "30.00", "quantity": 1}}, {"model": "store.orderitem", "pk": 15, "fields": {"order": 9, "product": 1, "price": "15.50", "quantity": 2}}, {"model": "store.orderitem", "pk": 16, "fields": {"order": 10, "product": 7, "price": "100000.00", "quantity": 1}}, {"model": "store.orderitem", "pk": 17, "fields": {"order": 10, "product": 3, "price": "30.00", "quantity": 1}}, {"model": "store.orderitem", "pk": 18, "fields": {"order": 10, "product": 1, "price": "15.50", "quantity": 2}}, {"model": "store.orderitem", "pk": 19, "fields": {"order": 11, "product": 3, "price": "30.00", "quantity": 1}}, {"model": "store.orderitem", "pk": 20, "fields": {"order": 12, "product": 5, "price": "19.20", "quantity": 1}}, {"model": "store.orderitem", "pk": 21, "fields": {"order": 12, "product": 1, "price": "15.50", "quantity": 1}}, {"model": "store.orderitem", "pk": 22, "fields": {"order": 12, "product": 7, "price": "100000.00", "quantity": 1}}, {"model": "store.orderitem", "pk": 23, "fields": {"order": 13, "product": 3, "price": "30.00", "quantity": 3}}, {"model": "store.orderitem", "pk": 24, "fields": {"order": 14, "product": 9, "price": "259000.00", "quantity": 5}}, {"model": "store.orderitem", "pk": 25, "fields": {"order": 14, "product": 2, "price": "238000.00", "quantity": 3}}, {"model": "store.orderitem", "pk": 26, "fields": {"order": 14, "product": 4, "price": "79000.00", "quantity": 5}}, {"model": "store.orderitem", "pk": 27, "fields": {"order": 14, "product": 3, "price": "138000.00", "quantity": 3}}, {"model": "store.orderitem", "pk": 28, "fields": {"order": 14, "product": 5, "price": "205000.00", "quantity": 2}}, {"model": "store.orderitem", "pk": 29, "fields": {"order": 15, "product": 2, "price": "238000.00", "quantity": 1}}, {"model": "store.orderitem", "pk": 30, "fields": {"order": 15, "product": 3, "price": "138000.00", "quantity": 1}}, {"model": "store.orderitem", "pk": 31, "fields": {"order": 16, "product": 3, "price": "138000.00", "quantity": 1}}, {"model": "store.orderitem", "pk": 32, "fields": {"order": 25, "product": 2, "price": "238000.00", "quantity": 2}}, {"model": "store.orderitem", "pk": 33, "fields": {"order": 26, "product": 5, "price": "205000.00", "quantity": 2}}, {"model": "store.orderitem", "pk": 34, "fields": {"order": 26, "product": 4, "price": "79000.00", "quantity": 1}}, {"model": "store.orderitem", "pk": 35, "fields": {"order": 27, "product": 5, "price": "205000.00", "quantity": 2}}, {"model": "store.orderitem", "pk": 36, "fields": {"order": 27, "product": 4, "price": "79000.00", "quantity": 1}}, {"model": "store.orderitem", "pk": 37, "fields": {"order": 28, "product": 7, "price": "66000.00", "quantity": 2}}, {"model": "store.orderitem", "pk": 38, "fields": {"order": 28, "product": 8, "price": "175000.00", "quantity": 1}}, {"model": "store.orderitem", "pk": 39, "fields": {"order": 28, "product": 9, "price": "259000.00", "quantity": 1}}, {"model": "store.orderitem", "pk": 40, "fields": {"order": 30, "product": 10, "price": "393000.00", "quantity": 2}}, {"model": "store.orderitem", "pk": 41, "fields": {"order": 31, "product": 2, "price": "238000.00", "quantity": 1}}, {"model": "store.orderitem", "pk": 42, "fields": {"order": 57, "product": 7, "price": "66000.00", "quantity": 1}}, {"model": "store.orderitem", "pk": 43, "fields": {"order": 57, "product": 9, "price": "259000.00", "quantity": 1}}, {"model": "store.orderitem", "pk": 44, "fields": {"order": 57, "product": 11, "price": "116000.00", "quantity": 1}}, {"model": "store.orderitem", "pk": 45, "fields": {"order": 57, "product": 12, "price": "255000.00", "quantity": 1}}, {"model": "store.orderitem", "pk": 46, "fields": {"order": 57, "product": 13, "price": "148000.00", "quantity": 1}}, {"model": "store.orderitem", "pk": 47, "fields": {"order": 57, "product": 14, "price": "396000.00", "quantity": 1}}, {"model": "store.orderitem", "pk": 48, "fields": {"order": 58, "product": 6, "price": "128000.00", "quantity": 1}}, {"model": "store.orderitem", "pk": 49, "fields": {"order": 58, "product": 7, "price": "66000.00", "quantity": 1}}, {"model": "store.orderitem", "pk": 50, "fields": {"order": 58, "product": 4, "price": "79000.00", "quantity": 1}}, {"model": "store.orderitem", "pk": 51, "fields": {"order": 58, "product": 5, "price": "205000.00", "quantity": 1}}, {"model": "store.orderitem", "pk": 52, "fields": {"order": 58, "product": 15, "price": "17000.00", "quantity": 2}}, {"model": "store.orderitem", "pk": 53, "fields": {"order": 59, "product": 13, "price": "148000.00", "quantity": 1}}, {"model": "store.orderitem", "pk": 54, "fields": {"order": 59, "product": 12, "price": "255000.00", "quantity": 1}}, {"model": "store.orderitem", "pk": 55, "fields": {"order": 59, "product": 14, "price": "396000.00", "quantity": 2}}, {"model": "store.orderitem", "pk": 56, "fields": {"order": 59, "product": 11, "price": "116000.00", "quantity": 1}}, {"model": "store.orderitem", "pk": 57, "fields": {"order": 60, "product": 8, "price": "175000.00", "quantity": 1}}, {"model": "store.orderitem", "pk": 58, "fields": {"order": 60, "product": 5, "price": "205000.00", "quantity": 1}}, {"model": "store.orderitem", "pk": 59, "fields": {"order": 60, "product": 9, "price": "259000.00", "quantity": 1}}, {"model": "store.orderitem", "pk": 60, "fields": {"order": 60, "product": 10, "price": "393000.00", "quantity": 1}}, {"model": "store.orderitem", "pk": 61, "fields": {"order": 61, "product": 15, "price": "17000.00", "quantity": 8}}, {"model": "store.orderitem", "pk": 62, "fields": {"order": 62, "product": 4, "price": "79000.00", "quantity": 1}}, {"model": "store.orderitem", "pk": 63, "fields": {"order": 62, "product": 6, "price": "128000.00", "quantity": 3}}, {"model": "store.orderitem", "pk": 64, "fields": {"order": 62, "product": 8, "price": "175000.00", "quantity": 1}}, {"model": "store.orderitem", "pk": 65, "fields": {"order": 62, "product": 12, "price": "255000.00", "quantity": 1}}, {"model": "store.orderitem", "pk": 66, "fields": {"order": 62, "product": 13, "price": "148000.00", "quantity": 1}}, {"model": "store.orderitem", "pk": 67, "fields": {"order": 63, "product": 13, "price": "148000.00", "quantity": 2}}, {"model": "store.orderitem", "pk": 68, "fields": {"order": 63, "product": 15, "price": "17000.00", "quantity": 1}}, {"model": "store.orderitem", "pk": 69, "fields": {"order": 63, "product": 12, "price": "255000.00", "quantity": 1}}, {"model": "store.orderitem", "pk": 70, "fields": {"order": 64, "product": 10, "price": "393000.00", "quantity": 2}}, {"model": "store.orderitem", "pk": 71, "fields": {"order": 65, "product": 8, "price": "175000.00", "quantity": 2}}, {"model": "store.orderitem", "pk": 72, "fields": {"order": 1, "product": 9, "price": "259000.00", "quantity": 2}}, {"model": "store.orderitem", "pk": 73, "fields": {"order": 1, "product": 10, "price": "393000.00", "quantity": 1}}, {"model": "store.orderitem", "pk": 74, "fields": {"order": 70, "product": 9, "price": "259000.00", "quantity": 2}}, {"model": "store.orderitem", "pk": 75, "fields": {"order": 70, "product": 10, "price": "393000.00", "quantity": 1}}, {"model": "store.orderitem", "pk": 76, "fields": {"order": 71, "product": 7, "price": "66000.00", "quantity": 2}}, {"model": "store.orderitem", "pk": 77, "fields": {"order": 71, "product": 5, "price": "205000.00", "quantity": 1}}, {"model": "store.orderitem", "pk": 78, "fields": {"order": 71, "product": 1, "price": "420000.00", "quantity": 2}}, {"model": "store.orderitem", "pk": 79, "fields": {"order": 72, "product": 7, "price": "66000.00", "quantity": 2}}, {"model": "store.orderitem", "pk": 80, "fields": {"order": 72, "product": 5, "price": "205000.00", "quantity": 1}}, {"model": "store.orderitem", "pk": 81, "fields": {"order": 72, "product": 1, "price": "420000.00", "quantity": 2}}, {"model": "store.orderitem", "pk": 82, "fields": {"order": 74, "product": 10, "price": "393000.00", "quantity": 2}}, {"model": "store.orderitem", "pk": 83, "fields": {"order": 75, "product": 10, "price": "393000.00", "quantity": 3}}, {"model": "store.orderitem", "pk": 84, "fields": {"order": 75, "product": 10, "price": "393000.00", "quantity": 3}}, {"model": "store.orderitem", "pk": 85, "fields": {"order": 76, "product": 10, "price": "393000.00", "quantity": 3}}, {"model": "store.orderitem", "pk": 86, "fields": {"order": 77, "product": 5, "price": "205000.00", "quantity": 2}}, {"model": "store.orderitem", "pk": 87, "fields": {"order": 79, "product": 5, "price": "205000.00", "quantity": 2}}, {"model": "store.stock", "pk": 1, "fields": {"product": 10, "stock_quantity": 0}}, {"model": "store.stock", "pk": 2, "fields": {"product": 5, "stock_quantity": 13}}]